,epiweek,date,counts_Yorkshire and The Humber,counts_Yorkshire and The Humber_B-1-177,counts_Yorkshire and The Humber_alpha,counts_Yorkshire and The Humber_delta,counts_Yorkshire and The Humber_omicron,counts_Yorkshire and The Humber_others,counts_South East,counts_South East_B-1-177,counts_South East_alpha,counts_South East_delta,counts_South East_omicron,counts_South East_others,counts_North East,counts_North East_B-1-177,counts_North East_alpha,counts_North East_delta,counts_North East_omicron,counts_North East_others,counts_West Midlands,counts_West Midlands_B-1-177,counts_West Midlands_alpha,counts_West Midlands_delta,counts_West Midlands_omicron,counts_West Midlands_others,counts_East of England,counts_East of England_B-1-177,counts_East of England_alpha,counts_East of England_delta,counts_East of England_omicron,counts_East of England_others,counts_East Midlands,counts_East Midlands_B-1-177,counts_East Midlands_alpha,counts_East Midlands_delta,counts_East Midlands_omicron,counts_East Midlands_others,counts_North West,counts_North West_B-1-177,counts_North West_alpha,counts_North West_delta,counts_North West_omicron,counts_North West_others,counts_London,counts_London_B-1-177,counts_London_alpha,counts_London_delta,counts_London_omicron,counts_London_others,counts_South West,counts_South West_B-1-177,counts_South West_alpha,counts_South West_delta,counts_South West_omicron,counts_South West_others,counts_B-1-177,counts_alpha,counts_delta,counts_omicron,counts_others,counts_England,freq_Yorkshire and The Humber_B-1-177,freq_Yorkshire and The Humber_alpha,freq_Yorkshire and The Humber_delta,freq_Yorkshire and The Humber_omicron,freq_Yorkshire and The Humber_others,freq_South East_B-1-177,freq_South East_alpha,freq_South East_delta,freq_South East_omicron,freq_South East_others,freq_North East_B-1-177,freq_North East_alpha,freq_North East_delta,freq_North East_omicron,freq_North East_others,freq_West Midlands_B-1-177,freq_West Midlands_alpha,freq_West Midlands_delta,freq_West Midlands_omicron,freq_West Midlands_others,freq_East of England_B-1-177,freq_East of England_alpha,freq_East of England_delta,freq_East of England_omicron,freq_East of England_others,freq_East Midlands_B-1-177,freq_East Midlands_alpha,freq_East Midlands_delta,freq_East Midlands_omicron,freq_East Midlands_others,freq_North West_B-1-177,freq_North West_alpha,freq_North West_delta,freq_North West_omicron,freq_North West_others,freq_London_B-1-177,freq_London_alpha,freq_London_delta,freq_London_omicron,freq_London_others,freq_South West_B-1-177,freq_South West_alpha,freq_South West_delta,freq_South West_omicron,freq_South West_others,freq_B-1-177_England,freq_alpha_England,freq_delta_England,freq_omicron_England,freq_others_England
0,0,2019/12/22,0,0,0,0,0,0,0,0,0,0,0,0,0,0,0,0,0,0,0,0,0,0,0,0,0,0,0,0,0,0,0,0,0,0,0,0,0,0,0,0,0,0,0,0,0,0,0,0,0,0,0,0,0,0,0,0,0,0,0,0,,,,,,,,,,,,,,,,,,,,,,,,,,,,,,,,,,,,,,,,,,,,,,,,,,
1,1,2019/12/29,0,0,0,0,0,0,0,0,0,0,0,0,0,0,0,0,0,0,0,0,0,0,0,0,0,0,0,0,0,0,0,0,0,0,0,0,0,0,0,0,0,0,0,0,0,0,0,0,0,0,0,0,0,0,0,0,0,0,0,0,,,,,,,,,,,,,,,,,,,,,,,,,,,,,,,,,,,,,,,,,,,,,,,,,,
2,2,2020/01/05,0,0,0,0,0,0,0,0,0,0,0,0,0,0,0,0,0,0,0,0,0,0,0,0,0,0,0,0,0,0,0,0,0,0,0,0,0,0,0,0,0,0,0,0,0,0,0,0,0,0,0,0,0,0,0,0,0,0,0,0,,,,,,,,,,,,,,,,,,,,,,,,,,,,,,,,,,,,,,,,,,,,,,,,,,
3,3,2020/01/12,0,0,0,0,0,0,0,0,0,0,0,0,0,0,0,0,0,0,0,0,0,0,0,0,0,0,0,0,0,0,0,0,0,0,0,0,0,0,0,0,0,0,0,0,0,0,0,0,0,0,0,0,0,0,0,0,0,0,0,0,,,,,,,,,,,,,,,,,,,,,,,,,,,,,,,,,,,,,,,,,,,,,,,,,,
4,4,2020/01/19,0,0,0,0,0,0,0,0,0,0,0,0,0,0,0,0,0,0,0,0,0,0,0,0,0,0,0,0,0,0,0,0,0,0,0,0,0,0,0,0,0,0,0,0,0,0,0,0,0,0,0,0,0,0,0,0,0,0,0,0,,,,,,,,,,,,,,,,,,,,,,,,,,,,,,,,,,,,,,,,,,,,,,,,,,
5,5,2020/01/26,0,0,0,0,0,0,0,0,0,0,0,0,0,0,0,0,0,0,0,0,0,0,0,0,0,0,0,0,0,0,0,0,0,0,0,0,0,0,0,0,0,0,0,0,0,0,0,0,0,0,0,0,0,0,0,0,0,0,0,0,,,,,,,,,,,,,,,,,,,,,,,,,,,,,,,,,,,,,,,,,,,,,,,,,,
6,6,2020/02/02,0,0,0,0,0,0,3,0,0,0,0,3,0,0,0,0,0,0,0,0,0,0,0,0,0,0,0,0,0,0,0,0,0,0,0,0,0,0,0,0,0,0,0,0,0,0,0,0,0,0,0,0,0,0,0,0,0,0,3,3,,,,,,0.0,0.0,0.0,0.0,1.0,,,,,,,,,,,,,,,,,,,,,,,,,,,,,,,,,,,,0.0,0.0,0.0,0.0,1.0
7,7,2020/02/09,0,0,0,0,0,0,0,0,0,0,0,0,0,0,0,0,0,0,0,0,0,0,0,0,0,0,0,0,0,0,0,0,0,0,0,0,0,0,0,0,0,0,4,0,0,0,0,4,0,0,0,0,0,0,0,0,0,0,4,4,,,,,,,,,,,,,,,,,,,,,,,,,,,,,,,,,,,,0.0,0.0,0.0,0.0,1.0,,,,,,0.0,0.0,0.0,0.0,1.0
8,8,2020/02/16,0,0,0,0,0,0,0,0,0,0,0,0,0,0,0,0,0,0,0,0,0,0,0,0,0,0,0,0,0,0,0,0,0,0,0,0,0,0,0,0,0,0,0,0,0,0,0,0,0,0,0,0,0,0,0,0,0,0,0,0,,,,,,,,,,,,,,,,,,,,,,,,,,,,,,,,,,,,,,,,,,,,,,,,,,
9,9,2020/02/23,2,0,0,0,0,2,12,0,0,0,0,12,0,0,0,0,0,0,0,0,0,0,0,0,4,0,0,0,0,4,3,0,0,0,0,3,1,0,0,0,0,1,11,0,0,0,0,11,4,0,0,0,0,4,0,0,0,0,37,37,0.0,0.0,0.0,0.0,1.0,0.0,0.0,0.0,0.0,1.0,,,,,,,,,,,0.0,0.0,0.0,0.0,1.0,0.0,0.0,0.0,0.0,1.0,0.0,0.0,0.0,0.0,1.0,0.0,0.0,0.0,0.0,1.0,0.0,0.0,0.0,0.0,1.0,0.0,0.0,0.0,0.0,1.0
10,10,2020/03/01,11,0,0,0,0,11,41,0,0,0,0,41,8,0,0,0,0,8,17,0,0,0,0,17,29,0,0,0,0,29,16,0,0,0,0,16,41,0,0,0,0,41,78,0,0,0,0,78,34,0,0,0,0,34,0,0,0,0,275,275,0.0,0.0,0.0,0.0,1.0,0.0,0.0,0.0,0.0,1.0,0.0,0.0,0.0,0.0,1.0,0.0,0.0,0.0,0.0,1.0,0.0,0.0,0.0,0.0,1.0,0.0,0.0,0.0,0.0,1.0,0.0,0.0,0.0,0.0,1.0,0.0,0.0,0.0,0.0,1.0,0.0,0.0,0.0,0.0,1.0,0.0,0.0,0.0,0.0,1.0
11,11,2020/03/08,17,0,0,0,0,17,39,0,0,0,0,39,15,0,0,0,0,15,45,0,0,0,0,45,91,0,0,0,0,91,37,0,0,0,0,37,106,0,0,0,0,106,337,0,0,0,0,337,47,0,0,0,0,47,0,0,0,0,734,734,0.0,0.0,0.0,0.0,1.0,0.0,0.0,0.0,0.0,1.0,0.0,0.0,0.0,0.0,1.0,0.0,0.0,0.0,0.0,1.0,0.0,0.0,0.0,0.0,1.0,0.0,0.0,0.0,0.0,1.0,0.0,0.0,0.0,0.0,1.0,0.0,0.0,0.0,0.0,1.0,0.0,0.0,0.0,0.0,1.0,0.0,0.0,0.0,0.0,1.0
12,12,2020/03/15,82,0,0,0,0,82,73,1,0,0,0,72,92,0,0,0,0,92,21,0,0,0,0,21,241,0,0,0,0,241,69,0,1,0,0,68,284,0,0,0,0,284,346,0,0,0,0,346,19,0,0,0,0,19,1,1,0,0,1225,1227,0.0,0.0,0.0,0.0,1.0,0.0136986301369863,0.0,0.0,0.0,0.9863013698630136,0.0,0.0,0.0,0.0,1.0,0.0,0.0,0.0,0.0,1.0,0.0,0.0,0.0,0.0,1.0,0.0,0.014492753623188406,0.0,0.0,0.9855072463768116,0.0,0.0,0.0,0.0,1.0,0.0,0.0,0.0,0.0,1.0,0.0,0.0,0.0,0.0,1.0,0.0008149959250203749,0.0008149959250203749,0.0,0.0,0.9983700081499592
13,13,2020/03/22,357,0,0,0,0,357,146,0,0,0,0,146,267,0,0,0,0,267,26,0,0,0,0,26,362,0,0,0,0,362,126,0,0,0,0,126,552,0,0,0,0,552,619,0,0,0,0,619,120,0,0,0,0,120,0,0,0,0,2575,2575,0.0,0.0,0.0,0.0,1.0,0.0,0.0,0.0,0.0,1.0,0.0,0.0,0.0,0.0,1.0,0.0,0.0,0.0,0.0,1.0,0.0,0.0,0.0,0.0,1.0,0.0,0.0,0.0,0.0,1.0,0.0,0.0,0.0,0.0,1.0,0.0,0.0,0.0,0.0,1.0,0.0,0.0,0.0,0.0,1.0,0.0,0.0,0.0,0.0,1.0
14,14,2020/03/29,441,0,0,0,0,441,119,0,0,0,0,119,327,0,0,0,0,327,12,0,0,0,0,12,1189,0,0,0,0,1189,160,0,0,0,0,160,201,0,0,0,0,201,371,0,0,0,0,371,181,0,0,0,0,181,0,0,0,0,3001,3001,0.0,0.0,0.0,0.0,1.0,0.0,0.0,0.0,0.0,1.0,0.0,0.0,0.0,0.0,1.0,0.0,0.0,0.0,0.0,1.0,0.0,0.0,0.0,0.0,1.0,0.0,0.0,0.0,0.0,1.0,0.0,0.0,0.0,0.0,1.0,0.0,0.0,0.0,0.0,1.0,0.0,0.0,0.0,0.0,1.0,0.0,0.0,0.0,0.0,1.0
15,15,2020/04/05,350,0,0,0,0,350,234,0,0,0,0,234,19,0,0,0,0,19,5,0,0,0,0,5,1096,0,0,0,0,1096,134,0,0,0,0,134,184,0,0,0,0,184,101,0,0,0,0,101,222,0,0,0,0,222,0,0,0,0,2345,2345,0.0,0.0,0.0,0.0,1.0,0.0,0.0,0.0,0.0,1.0,0.0,0.0,0.0,0.0,1.0,0.0,0.0,0.0,0.0,1.0,0.0,0.0,0.0,0.0,1.0,0.0,0.0,0.0,0.0,1.0,0.0,0.0,0.0,0.0,1.0,0.0,0.0,0.0,0.0,1.0,0.0,0.0,0.0,0.0,1.0,0.0,0.0,0.0,0.0,1.0
16,16,2020/04/12,248,0,0,0,0,248,114,0,0,0,0,114,42,0,0,0,0,42,12,0,0,0,0,12,680,0,0,0,0,680,82,0,0,0,0,82,110,0,0,0,0,110,374,0,0,0,0,374,324,0,0,0,0,324,0,0,0,0,1986,1986,0.0,0.0,0.0,0.0,1.0,0.0,0.0,0.0,0.0,1.0,0.0,0.0,0.0,0.0,1.0,0.0,0.0,0.0,0.0,1.0,0.0,0.0,0.0,0.0,1.0,0.0,0.0,0.0,0.0,1.0,0.0,0.0,0.0,0.0,1.0,0.0,0.0,0.0,0.0,1.0,0.0,0.0,0.0,0.0,1.0,0.0,0.0,0.0,0.0,1.0
17,17,2020/04/19,191,0,0,0,0,191,112,0,0,0,0,112,84,0,0,0,0,84,11,0,0,0,0,11,534,0,0,0,0,534,99,0,0,0,0,99,80,0,0,0,0,80,213,0,0,0,0,213,272,0,0,0,0,272,0,0,0,0,1596,1596,0.0,0.0,0.0,0.0,1.0,0.0,0.0,0.0,0.0,1.0,0.0,0.0,0.0,0.0,1.0,0.0,0.0,0.0,0.0,1.0,0.0,0.0,0.0,0.0,1.0,0.0,0.0,0.0,0.0,1.0,0.0,0.0,0.0,0.0,1.0,0.0,0.0,0.0,0.0,1.0,0.0,0.0,0.0,0.0,1.0,0.0,0.0,0.0,0.0,1.0
18,18,2020/04/26,181,0,0,0,0,181,61,0,0,0,0,61,108,0,0,0,0,108,54,0,0,0,0,54,461,0,0,0,0,461,71,0,0,0,0,71,50,0,0,0,0,50,82,0,0,0,0,82,279,0,0,0,0,279,0,0,0,0,1347,1347,0.0,0.0,0.0,0.0,1.0,0.0,0.0,0.0,0.0,1.0,0.0,0.0,0.0,0.0,1.0,0.0,0.0,0.0,0.0,1.0,0.0,0.0,0.0,0.0,1.0,0.0,0.0,0.0,0.0,1.0,0.0,0.0,0.0,0.0,1.0,0.0,0.0,0.0,0.0,1.0,0.0,0.0,0.0,0.0,1.0,0.0,0.0,0.0,0.0,1.0
19,19,2020/05/03,161,0,0,0,0,161,55,0,0,0,0,55,103,0,0,0,0,103,80,0,0,0,0,80,349,0,0,0,0,349,67,0,0,0,0,67,120,0,0,0,0,120,42,0,0,0,0,42,184,0,0,0,0,184,0,0,0,0,1161,1161,0.0,0.0,0.0,0.0,1.0,0.0,0.0,0.0,0.0,1.0,0.0,0.0,0.0,0.0,1.0,0.0,0.0,0.0,0.0,1.0,0.0,0.0,0.0,0.0,1.0,0.0,0.0,0.0,0.0,1.0,0.0,0.0,0.0,0.0,1.0,0.0,0.0,0.0,0.0,1.0,0.0,0.0,0.0,0.0,1.0,0.0,0.0,0.0,0.0,1.0
20,20,2020/05/10,94,0,0,0,0,94,36,0,0,0,0,36,110,0,0,0,0,110,53,0,0,0,0,53,178,0,0,0,0,178,24,0,0,0,0,24,173,0,0,0,0,173,17,0,0,0,0,17,100,0,0,0,0,100,0,0,0,0,785,785,0.0,0.0,0.0,0.0,1.0,0.0,0.0,0.0,0.0,1.0,0.0,0.0,0.0,0.0,1.0,0.0,0.0,0.0,0.0,1.0,0.0,0.0,0.0,0.0,1.0,0.0,0.0,0.0,0.0,1.0,0.0,0.0,0.0,0.0,1.0,0.0,0.0,0.0,0.0,1.0,0.0,0.0,0.0,0.0,1.0,0.0,0.0,0.0,0.0,1.0
21,21,2020/05/17,57,0,0,0,0,57,14,0,0,0,0,14,48,0,0,0,0,48,47,0,0,0,0,47,87,0,0,0,0,87,79,0,0,0,0,79,154,0,0,0,0,154,14,0,0,0,0,14,71,0,0,0,0,71,0,0,0,0,571,571,0.0,0.0,0.0,0.0,1.0,0.0,0.0,0.0,0.0,1.0,0.0,0.0,0.0,0.0,1.0,0.0,0.0,0.0,0.0,1.0,0.0,0.0,0.0,0.0,1.0,0.0,0.0,0.0,0.0,1.0,0.0,0.0,0.0,0.0,1.0,0.0,0.0,0.0,0.0,1.0,0.0,0.0,0.0,0.0,1.0,0.0,0.0,0.0,0.0,1.0
22,22,2020/05/24,82,0,0,0,0,82,9,0,0,0,0,9,7,0,0,0,0,7,55,0,0,0,0,55,60,0,0,0,0,60,81,0,0,0,0,81,13,0,0,0,0,13,4,0,0,0,0,4,18,0,0,0,0,18,0,0,0,0,329,329,0.0,0.0,0.0,0.0,1.0,0.0,0.0,0.0,0.0,1.0,0.0,0.0,0.0,0.0,1.0,0.0,0.0,0.0,0.0,1.0,0.0,0.0,0.0,0.0,1.0,0.0,0.0,0.0,0.0,1.0,0.0,0.0,0.0,0.0,1.0,0.0,0.0,0.0,0.0,1.0,0.0,0.0,0.0,0.0,1.0,0.0,0.0,0.0,0.0,1.0
23,23,2020/05/31,78,0,0,0,0,78,26,0,0,0,0,26,7,0,0,0,0,7,39,0,0,0,0,39,62,0,0,0,0,62,127,8,0,0,0,119,131,0,0,0,0,131,12,0,0,0,0,12,31,0,0,0,0,31,8,0,0,0,505,513,0.0,0.0,0.0,0.0,1.0,0.0,0.0,0.0,0.0,1.0,0.0,0.0,0.0,0.0,1.0,0.0,0.0,0.0,0.0,1.0,0.0,0.0,0.0,0.0,1.0,0.06299212598425197,0.0,0.0,0.0,0.937007874015748,0.0,0.0,0.0,0.0,1.0,0.0,0.0,0.0,0.0,1.0,0.0,0.0,0.0,0.0,1.0,0.015594541910331383,0.0,0.0,0.0,0.9844054580896686
24,24,2020/06/07,689,0,0,0,0,689,77,0,0,0,0,77,37,0,0,0,0,37,75,0,0,0,0,75,98,0,0,0,0,98,593,0,0,0,0,593,453,0,0,0,0,453,34,0,0,0,0,34,36,0,0,0,0,36,0,0,0,0,2092,2092,0.0,0.0,0.0,0.0,1.0,0.0,0.0,0.0,0.0,1.0,0.0,0.0,0.0,0.0,1.0,0.0,0.0,0.0,0.0,1.0,0.0,0.0,0.0,0.0,1.0,0.0,0.0,0.0,0.0,1.0,0.0,0.0,0.0,0.0,1.0,0.0,0.0,0.0,0.0,1.0,0.0,0.0,0.0,0.0,1.0,0.0,0.0,0.0,0.0,1.0
25,25,2020/06/14,597,0,0,0,0,597,48,0,0,0,0,48,25,0,0,0,0,25,108,0,0,0,0,108,100,0,0,0,0,100,463,0,0,0,0,463,412,0,0,0,0,412,26,0,0,0,0,26,17,0,0,0,0,17,0,0,0,0,1796,1796,0.0,0.0,0.0,0.0,1.0,0.0,0.0,0.0,0.0,1.0,0.0,0.0,0.0,0.0,1.0,0.0,0.0,0.0,0.0,1.0,0.0,0.0,0.0,0.0,1.0,0.0,0.0,0.0,0.0,1.0,0.0,0.0,0.0,0.0,1.0,0.0,0.0,0.0,0.0,1.0,0.0,0.0,0.0,0.0,1.0,0.0,0.0,0.0,0.0,1.0
26,26,2020/06/21,284,0,0,0,0,284,29,0,0,0,0,29,13,0,0,0,0,13,45,0,0,0,0,45,25,0,0,0,0,25,280,0,0,0,0,280,214,0,0,0,0,214,23,0,0,0,0,23,7,0,0,0,0,7,0,0,0,0,920,920,0.0,0.0,0.0,0.0,1.0,0.0,0.0,0.0,0.0,1.0,0.0,0.0,0.0,0.0,1.0,0.0,0.0,0.0,0.0,1.0,0.0,0.0,0.0,0.0,1.0,0.0,0.0,0.0,0.0,1.0,0.0,0.0,0.0,0.0,1.0,0.0,0.0,0.0,0.0,1.0,0.0,0.0,0.0,0.0,1.0,0.0,0.0,0.0,0.0,1.0
27,27,2020/06/28,307,0,0,0,0,307,47,0,0,0,0,47,6,0,0,0,0,6,77,0,0,0,0,77,41,0,0,0,0,41,270,0,0,0,0,270,240,0,0,0,0,240,38,1,0,0,0,37,15,0,0,0,0,15,1,0,0,0,1040,1041,0.0,0.0,0.0,0.0,1.0,0.0,0.0,0.0,0.0,1.0,0.0,0.0,0.0,0.0,1.0,0.0,0.0,0.0,0.0,1.0,0.0,0.0,0.0,0.0,1.0,0.0,0.0,0.0,0.0,1.0,0.0,0.0,0.0,0.0,1.0,0.02631578947368421,0.0,0.0,0.0,0.9736842105263158,0.0,0.0,0.0,0.0,1.0,0.0009606147934678194,0.0,0.0,0.0,0.9990393852065321
28,28,2020/07/05,18,0,0,0,0,18,26,0,0,0,0,26,2,0,0,0,0,2,11,0,0,0,0,11,30,0,0,0,0,30,47,0,0,0,0,47,20,0,0,0,0,20,23,0,0,0,0,23,4,0,0,0,0,4,0,0,0,0,181,181,0.0,0.0,0.0,0.0,1.0,0.0,0.0,0.0,0.0,1.0,0.0,0.0,0.0,0.0,1.0,0.0,0.0,0.0,0.0,1.0,0.0,0.0,0.0,0.0,1.0,0.0,0.0,0.0,0.0,1.0,0.0,0.0,0.0,0.0,1.0,0.0,0.0,0.0,0.0,1.0,0.0,0.0,0.0,0.0,1.0,0.0,0.0,0.0,0.0,1.0
29,29,2020/07/12,95,0,0,0,0,95,88,0,0,0,0,88,6,0,0,0,0,6,132,0,0,0,0,132,94,0,0,0,0,94,89,0,0,0,0,89,133,0,0,0,0,133,76,1,0,0,0,75,19,0,0,0,0,19,1,0,0,0,731,732,0.0,0.0,0.0,0.0,1.0,0.0,0.0,0.0,0.0,1.0,0.0,0.0,0.0,0.0,1.0,0.0,0.0,0.0,0.0,1.0,0.0,0.0,0.0,0.0,1.0,0.0,0.0,0.0,0.0,1.0,0.0,0.0,0.0,0.0,1.0,0.013157894736842105,0.0,0.0,0.0,0.9868421052631579,0.0,0.0,0.0,0.0,1.0,0.001366120218579235,0.0,0.0,0.0,0.9986338797814208
30,30,2020/07/19,59,0,0,0,0,59,33,0,0,0,0,33,19,0,0,0,0,19,69,0,0,0,0,69,28,0,0,0,0,28,48,2,0,0,0,46,126,0,0,0,0,126,71,5,0,0,0,66,24,0,0,0,0,24,7,0,0,0,470,477,0.0,0.0,0.0,0.0,1.0,0.0,0.0,0.0,0.0,1.0,0.0,0.0,0.0,0.0,1.0,0.0,0.0,0.0,0.0,1.0,0.0,0.0,0.0,0.0,1.0,0.041666666666666664,0.0,0.0,0.0,0.9583333333333334,0.0,0.0,0.0,0.0,1.0,0.07042253521126761,0.0,0.0,0.0,0.9295774647887324,0.0,0.0,0.0,0.0,1.0,0.014675052410901468,0.0,0.0,0.0,0.9853249475890985
31,31,2020/07/26,38,0,0,0,0,38,35,2,0,0,0,33,18,0,0,0,0,18,39,0,0,0,0,39,18,0,0,0,0,18,27,0,0,0,0,27,119,1,0,0,0,118,49,3,0,0,0,46,41,0,0,0,0,41,6,0,0,0,378,384,0.0,0.0,0.0,0.0,1.0,0.05714285714285714,0.0,0.0,0.0,0.9428571428571428,0.0,0.0,0.0,0.0,1.0,0.0,0.0,0.0,0.0,1.0,0.0,0.0,0.0,0.0,1.0,0.0,0.0,0.0,0.0,1.0,0.008403361344537815,0.0,0.0,0.0,0.9915966386554622,0.061224489795918366,0.0,0.0,0.0,0.9387755102040817,0.0,0.0,0.0,0.0,1.0,0.015625,0.0,0.0,0.0,0.984375
32,32,2020/08/02,80,0,0,0,0,80,22,1,0,0,0,21,48,1,0,0,0,47,107,2,0,0,0,105,13,1,0,0,0,12,35,0,0,0,0,35,185,5,0,0,0,180,48,12,0,0,0,36,17,0,0,0,0,17,22,0,0,0,533,555,0.0,0.0,0.0,0.0,1.0,0.045454545454545456,0.0,0.0,0.0,0.9545454545454546,0.020833333333333332,0.0,0.0,0.0,0.9791666666666666,0.018691588785046728,0.0,0.0,0.0,0.9813084112149533,0.07692307692307693,0.0,0.0,0.0,0.9230769230769231,0.0,0.0,0.0,0.0,1.0,0.02702702702702703,0.0,0.0,0.0,0.972972972972973,0.25,0.0,0.0,0.0,0.75,0.0,0.0,0.0,0.0,1.0,0.03963963963963964,0.0,0.0,0.0,0.9603603603603603
33,33,2020/08/09,153,8,0,0,0,145,32,4,0,0,0,28,142,11,0,0,0,131,135,5,0,0,0,130,16,1,0,0,0,15,52,2,0,0,0,50,269,13,0,0,0,256,119,23,0,0,0,96,19,1,0,0,0,18,68,0,0,0,869,937,0.05228758169934641,0.0,0.0,0.0,0.9477124183006536,0.125,0.0,0.0,0.0,0.875,0.07746478873239436,0.0,0.0,0.0,0.9225352112676056,0.037037037037037035,0.0,0.0,0.0,0.9629629629629629,0.0625,0.0,0.0,0.0,0.9375,0.038461538461538464,0.0,0.0,0.0,0.9615384615384616,0.048327137546468404,0.0,0.0,0.0,0.9516728624535316,0.19327731092436976,0.0,0.0,0.0,0.8067226890756303,0.05263157894736842,0.0,0.0,0.0,0.9473684210526315,0.07257203842049093,0.0,0.0,0.0,0.927427961579509
34,34,2020/08/16,36,2,0,0,0,34,155,28,0,0,0,127,102,10,0,0,0,92,32,7,0,0,0,25,104,36,0,0,0,68,80,9,0,0,0,71,111,2,0,0,0,109,290,58,0,0,0,232,124,32,0,0,0,92,184,0,0,0,850,1034,0.05555555555555555,0.0,0.0,0.0,0.9444444444444444,0.18064516129032257,0.0,0.0,0.0,0.8193548387096774,0.09803921568627451,0.0,0.0,0.0,0.9019607843137255,0.21875,0.0,0.0,0.0,0.78125,0.34615384615384615,0.0,0.0,0.0,0.6538461538461539,0.1125,0.0,0.0,0.0,0.8875,0.018018018018018018,0.0,0.0,0.0,0.9819819819819819,0.2,0.0,0.0,0.0,0.8,0.25806451612903225,0.0,0.0,0.0,0.7419354838709677,0.17794970986460348,0.0,0.0,0.0,0.8220502901353965
35,35,2020/08/23,75,3,0,0,0,72,222,30,0,0,0,192,136,26,0,0,0,110,69,4,0,0,0,65,207,38,0,0,0,169,78,8,0,0,0,70,210,43,0,0,0,167,419,131,0,0,0,288,113,18,0,0,0,95,301,0,0,0,1228,1529,0.04,0.0,0.0,0.0,0.96,0.13513513513513514,0.0,0.0,0.0,0.8648648648648649,0.19117647058823528,0.0,0.0,0.0,0.8088235294117647,0.057971014492753624,0.0,0.0,0.0,0.9420289855072463,0.18357487922705315,0.0,0.0,0.0,0.8164251207729468,0.10256410256410256,0.0,0.0,0.0,0.8974358974358975,0.20476190476190476,0.0,0.0,0.0,0.7952380952380952,0.3126491646778043,0.0,0.0,0.0,0.6873508353221957,0.1592920353982301,0.0,0.0,0.0,0.8407079646017699,0.19686069326357097,0.0,0.0,0.0,0.8031393067364291
36,36,2020/08/30,135,14,0,0,0,121,278,54,0,0,0,224,221,25,0,0,0,196,112,10,0,0,0,102,257,49,0,0,0,208,111,15,0,0,0,96,137,46,0,0,0,91,587,179,0,0,0,408,156,36,0,0,0,120,428,0,0,0,1566,1994,0.1037037037037037,0.0,0.0,0.0,0.8962962962962963,0.19424460431654678,0.0,0.0,0.0,0.8057553956834532,0.11312217194570136,0.0,0.0,0.0,0.8868778280542986,0.08928571428571429,0.0,0.0,0.0,0.9107142857142857,0.19066147859922178,0.0,0.0,0.0,0.8093385214007782,0.13513513513513514,0.0,0.0,0.0,0.8648648648648649,0.3357664233576642,0.0,0.0,0.0,0.6642335766423357,0.3049403747870528,0.0,0.0,0.0,0.6950596252129472,0.23076923076923078,0.0,0.0,0.0,0.7692307692307693,0.21464393179538616,0.0,0.0,0.0,0.7853560682046138
37,37,2020/09/06,323,46,0,0,0,277,193,64,0,0,0,129,318,67,0,0,0,251,219,41,0,0,0,178,145,35,0,0,0,110,211,30,0,0,0,181,618,220,0,0,0,398,451,160,0,0,0,291,82,38,0,0,0,44,701,0,0,0,1859,2560,0.14241486068111456,0.0,0.0,0.0,0.8575851393188855,0.3316062176165803,0.0,0.0,0.0,0.6683937823834197,0.21069182389937108,0.0,0.0,0.0,0.789308176100629,0.1872146118721461,0.0,0.0,0.0,0.8127853881278538,0.2413793103448276,0.0,0.0,0.0,0.7586206896551724,0.14218009478672985,0.0,0.0,0.0,0.8578199052132701,0.3559870550161812,0.0,0.0,0.0,0.6440129449838188,0.35476718403547675,0.0,0.0,0.0,0.6452328159645233,0.4634146341463415,0.0,0.0,0.0,0.5365853658536586,0.273828125,0.0,0.0,0.0,0.726171875
38,38,2020/09/13,250,55,0,0,0,195,100,37,0,0,0,63,422,75,0,0,1,346,252,56,0,0,0,196,64,19,0,0,0,45,147,35,0,0,0,112,864,384,0,0,0,480,161,53,0,0,0,108,55,17,0,0,0,38,731,0,0,1,1583,2315,0.22,0.0,0.0,0.0,0.78,0.37,0.0,0.0,0.0,0.63,0.17772511848341233,0.0,0.0,0.002369668246445498,0.8199052132701422,0.2222222222222222,0.0,0.0,0.0,0.7777777777777778,0.296875,0.0,0.0,0.0,0.703125,0.23809523809523808,0.0,0.0,0.0,0.7619047619047619,0.4444444444444444,0.0,0.0,0.0,0.5555555555555556,0.32919254658385094,0.0,0.0,0.0,0.6708074534161491,0.3090909090909091,0.0,0.0,0.0,0.6909090909090909,0.31576673866090715,0.0,0.0,0.00043196544276457883,0.6838012958963283
39,39,2020/09/20,467,146,0,0,0,321,228,102,1,0,0,125,403,111,0,0,0,292,463,132,0,0,0,331,179,59,0,0,0,120,238,96,0,0,0,142,1088,622,0,0,0,466,576,192,2,0,0,382,185,72,0,0,0,113,1532,3,0,0,2292,3827,0.31263383297644537,0.0,0.0,0.0,0.6873661670235546,0.4473684210526316,0.0043859649122807015,0.0,0.0,0.5482456140350878,0.27543424317617865,0.0,0.0,0.0,0.7245657568238213,0.28509719222462204,0.0,0.0,0.0,0.714902807775378,0.329608938547486,0.0,0.0,0.0,0.6703910614525139,0.40336134453781514,0.0,0.0,0.0,0.5966386554621849,0.5716911764705882,0.0,0.0,0.0,0.42830882352941174,0.3333333333333333,0.003472222222222222,0.0,0.0,0.6631944444444444,0.3891891891891892,0.0,0.0,0.0,0.6108108108108108,0.40031356153645153,0.0007839038411288215,0.0,0.0,0.5989025346224196
40,40,2020/09/27,358,148,0,0,0,210,175,95,2,0,0,78,994,245,0,0,0,749,129,57,0,0,0,72,213,70,0,0,0,143,143,94,0,0,0,49,406,241,0,0,0,165,519,202,1,0,0,316,166,87,0,0,0,79,1239,3,0,0,1861,3103,0.4134078212290503,0.0,0.0,0.0,0.5865921787709497,0.5428571428571428,0.011428571428571429,0.0,0.0,0.44571428571428573,0.24647887323943662,0.0,0.0,0.0,0.7535211267605634,0.4418604651162791,0.0,0.0,0.0,0.5581395348837209,0.3286384976525822,0.0,0.0,0.0,0.6713615023474179,0.6573426573426573,0.0,0.0,0.0,0.34265734265734266,0.5935960591133005,0.0,0.0,0.0,0.4064039408866995,0.3892100192678227,0.0019267822736030828,0.0,0.0,0.6088631984585742,0.5240963855421686,0.0,0.0,0.0,0.4759036144578313,0.39929100870125683,0.0009668063164679343,0.0,0.0,0.5997421849822753
41,41,2020/10/04,947,443,0,0,0,504,368,223,0,0,0,145,275,87,0,0,0,188,420,209,0,0,0,211,244,128,0,0,0,116,340,242,0,0,0,98,1143,769,0,0,0,374,504,205,1,0,0,298,337,216,0,0,0,121,2522,1,0,0,2055,4578,0.4677930306230201,0.0,0.0,0.0,0.53220696937698,0.6059782608695652,0.0,0.0,0.0,0.39402173913043476,0.31636363636363635,0.0,0.0,0.0,0.6836363636363636,0.4976190476190476,0.0,0.0,0.0,0.5023809523809524,0.5245901639344263,0.0,0.0,0.0,0.47540983606557374,0.711764705882353,0.0,0.0,0.0,0.28823529411764703,0.6727909011373578,0.0,0.0,0.0,0.32720909886264216,0.40674603174603174,0.001984126984126984,0.0,0.0,0.5912698412698413,0.6409495548961425,0.0,0.0,0.0,0.3590504451038576,0.5508955875928353,0.00021843599825251202,0.0,0.0,0.4488859764089122
42,42,2020/10/11,864,455,0,0,0,409,470,290,5,0,0,175,194,74,0,0,0,120,433,262,0,0,0,171,449,203,0,0,0,246,264,194,0,0,0,70,1648,1160,0,0,0,488,905,435,1,0,0,469,169,111,0,0,0,58,3184,6,0,0,2206,5396,0.5266203703703703,0.0,0.0,0.0,0.47337962962962965,0.6170212765957447,0.010638297872340425,0.0,0.0,0.3723404255319149,0.38144329896907214,0.0,0.0,0.0,0.6185567010309279,0.605080831408776,0.0,0.0,0.0,0.394919168591224,0.4521158129175947,0.0,0.0,0.0,0.5478841870824054,0.7348484848484849,0.0,0.0,0.0,0.26515151515151514,0.7038834951456311,0.0,0.0,0.0,0.2961165048543689,0.48066298342541436,0.0011049723756906078,0.0,0.0,0.518232044198895,0.6568047337278107,0.0,0.0,0.0,0.3431952662721893,0.5900667160859896,0.001111934766493699,0.0,0.0,0.40882134914751667
43,43,2020/10/18,861,487,0,0,0,374,752,478,34,0,0,240,462,215,0,0,0,247,629,400,0,0,0,229,552,283,2,0,0,267,305,202,0,0,0,103,1393,1006,0,0,0,387,1415,764,4,0,0,647,272,202,0,0,0,70,4037,40,0,0,2564,6641,0.5656213704994193,0.0,0.0,0.0,0.4343786295005807,0.6356382978723404,0.04521276595744681,0.0,0.0,0.3191489361702128,0.4653679653679654,0.0,0.0,0.0,0.5346320346320347,0.6359300476947536,0.0,0.0,0.0,0.3640699523052464,0.5126811594202898,0.0036231884057971015,0.0,0.0,0.483695652173913,0.6622950819672131,0.0,0.0,0.0,0.3377049180327869,0.7221823402727925,0.0,0.0,0.0,0.27781765972720746,0.5399293286219081,0.0028268551236749115,0.0,0.0,0.45724381625441696,0.7426470588235294,0.0,0.0,0.0,0.25735294117647056,0.6078903779551272,0.006023189278723084,0.0,0.0,0.3860864327661497
44,44,2020/10/25,661,407,0,0,0,254,380,239,19,0,0,122,389,203,1,0,0,185,535,402,1,0,0,132,331,180,4,0,0,147,233,190,0,0,0,43,696,537,0,0,0,159,437,230,10,1,0,196,108,76,0,0,0,32,2464,35,1,0,1270,3770,0.6157337367624811,0.0,0.0,0.0,0.3842662632375189,0.6289473684210526,0.05,0.0,0.0,0.32105263157894737,0.5218508997429306,0.002570694087403599,0.0,0.0,0.4755784061696658,0.7514018691588785,0.001869158878504673,0.0,0.0,0.2467289719626168,0.5438066465256798,0.012084592145015106,0.0,0.0,0.44410876132930516,0.8154506437768241,0.0,0.0,0.0,0.18454935622317598,0.771551724137931,0.0,0.0,0.0,0.22844827586206898,0.5263157894736842,0.02288329519450801,0.002288329519450801,0.0,0.448512585812357,0.7037037037037037,0.0,0.0,0.0,0.2962962962962963,0.6535809018567639,0.009283819628647215,0.0002652519893899204,0.0,0.33687002652519893
45,45,2020/11/01,1399,941,0,0,0,458,852,513,141,0,0,198,450,254,0,0,0,196,809,586,4,0,0,219,913,573,30,0,0,310,289,202,0,0,0,87,1890,1435,1,0,0,454,1320,742,69,0,0,509,211,142,1,0,0,68,5388,246,0,0,2499,8133,0.6726233023588277,0.0,0.0,0.0,0.3273766976411723,0.602112676056338,0.16549295774647887,0.0,0.0,0.2323943661971831,0.5644444444444444,0.0,0.0,0.0,0.43555555555555553,0.7243510506798516,0.004944375772558714,0.0,0.0,0.27070457354758964,0.6276013143483024,0.03285870755750274,0.0,0.0,0.33953997809419495,0.698961937716263,0.0,0.0,0.0,0.30103806228373703,0.7592592592592593,0.0005291005291005291,0.0,0.0,0.2402116402116402,0.5621212121212121,0.05227272727272727,0.0,0.0,0.3856060606060606,0.6729857819905213,0.004739336492890996,0.0,0.0,0.3222748815165877,0.6624861674658797,0.030247141276281815,0.0,0.0,0.30726669125783845
46,46,2020/11/08,1546,1095,3,0,0,448,1171,619,290,0,0,262,466,293,0,0,0,173,1062,800,3,1,0,258,985,584,107,0,0,294,580,456,7,0,0,117,1635,1280,2,0,0,353,1775,961,216,0,0,598,300,237,8,0,0,55,6325,636,1,0,2558,9520,0.7082794307891332,0.0019404915912031048,0.0,0.0,0.2897800776196636,0.5286080273270709,0.24765157984628522,0.0,0.0,0.2237403928266439,0.628755364806867,0.0,0.0,0.0,0.37124463519313305,0.7532956685499058,0.002824858757062147,0.0009416195856873823,0.0,0.24293785310734464,0.5928934010152285,0.10862944162436548,0.0,0.0,0.2984771573604061,0.7862068965517242,0.01206896551724138,0.0,0.0,0.20172413793103447,0.7828746177370031,0.0012232415902140672,0.0,0.0,0.21590214067278288,0.5414084507042254,0.12169014084507042,0.0,0.0,0.3369014084507042,0.79,0.02666666666666667,0.0,0.0,0.18333333333333332,0.664390756302521,0.06680672268907563,0.0001050420168067227,0.0,0.2686974789915966
47,47,2020/11/15,532,383,1,0,0,148,621,306,213,0,0,102,291,185,1,0,0,105,671,504,5,0,0,162,629,382,99,0,0,148,728,550,14,0,0,164,639,488,4,0,0,147,1014,500,170,0,0,344,148,119,2,0,0,27,3417,509,0,0,1347,5273,0.7199248120300752,0.0018796992481203006,0.0,0.0,0.2781954887218045,0.4927536231884058,0.34299516908212563,0.0,0.0,0.1642512077294686,0.6357388316151202,0.003436426116838488,0.0,0.0,0.36082474226804123,0.7511177347242921,0.007451564828614009,0.0,0.0,0.2414307004470939,0.6073131955484896,0.1573926868044515,0.0,0.0,0.23529411764705882,0.7554945054945055,0.019230769230769232,0.0,0.0,0.22527472527472528,0.7636932707355243,0.006259780907668232,0.0,0.0,0.2300469483568075,0.4930966469428008,0.16765285996055226,0.0,0.0,0.33925049309664695,0.8040540540540541,0.013513513513513514,0.0,0.0,0.18243243243243243,0.6480182059548644,0.09652948985397307,0.0,0.0,0.25545230419116255
48,48,2020/11/22,428,335,1,0,0,92,431,145,241,0,0,45,246,158,13,0,0,75,216,160,4,0,0,51,486,244,125,0,0,117,253,203,3,0,0,47,882,702,12,0,0,168,708,342,214,0,0,152,112,75,8,0,0,29,2364,621,0,0,776,3761,0.7827102803738317,0.002336448598130841,0.0,0.0,0.21495327102803738,0.33642691415313225,0.5591647331786543,0.0,0.0,0.10440835266821345,0.6422764227642277,0.052845528455284556,0.0,0.0,0.3048780487804878,0.7407407407407407,0.018518518518518517,0.0,0.0,0.2361111111111111,0.5020576131687243,0.257201646090535,0.0,0.0,0.24074074074074073,0.8023715415019763,0.011857707509881422,0.0,0.0,0.1857707509881423,0.7959183673469388,0.013605442176870748,0.0,0.0,0.19047619047619047,0.4830508474576271,0.3022598870056497,0.0,0.0,0.21468926553672316,0.6696428571428571,0.07142857142857142,0.0,0.0,0.25892857142857145,0.6285562350438713,0.16511566072852965,0.0,0.0,0.20632810422759904
49,49,2020/11/29,179,140,4,0,0,35,282,70,181,0,0,31,78,46,1,0,0,31,126,92,6,0,0,28,328,187,82,0,0,59,125,94,5,0,0,26,265,202,15,0,0,48,657,252,235,0,0,170,84,61,12,0,0,11,1144,541,0,0,439,2124,0.7821229050279329,0.0223463687150838,0.0,0.0,0.19553072625698323,0.24822695035460993,0.6418439716312057,0.0,0.0,0.1099290780141844,0.5897435897435898,0.01282051282051282,0.0,0.0,0.3974358974358974,0.7301587301587301,0.047619047619047616,0.0,0.0,0.2222222222222222,0.5701219512195121,0.25,0.0,0.0,0.1798780487804878,0.752,0.04,0.0,0.0,0.208,0.7622641509433963,0.05660377358490566,0.0,0.0,0.1811320754716981,0.3835616438356164,0.3576864535768645,0.0,0.0,0.258751902587519,0.7261904761904762,0.14285714285714285,0.0,0.0,0.13095238095238096,0.5386064030131826,0.2547080979284369,0.0,0.0,0.2066854990583804
50,50,2020/12/06,640,487,37,0,0,116,894,190,625,0,0,76,373,256,51,0,0,66,530,364,76,0,0,90,807,302,410,0,0,94,432,331,40,0,0,61,693,526,64,0,0,102,1634,374,1041,0,0,219,118,69,27,0,0,21,2899,2371,0,0,845,6115,0.7609375,0.0578125,0.0,0.0,0.18125,0.21252796420581654,0.6991051454138703,0.0,0.0,0.08501118568232663,0.6863270777479893,0.13672922252010725,0.0,0.0,0.1769436997319035,0.6867924528301886,0.14339622641509434,0.0,0.0,0.16981132075471697,0.3742255266418835,0.5080545229244114,0.0,0.0,0.11648079306071871,0.7662037037037037,0.09259259259259259,0.0,0.0,0.1412037037037037,0.759018759018759,0.09235209235209235,0.0,0.0,0.1471861471861472,0.22888616891064872,0.6370869033047736,0.0,0.0,0.13402692778457773,0.5847457627118644,0.2288135593220339,0.0,0.0,0.17796610169491525,0.4740801308258381,0.3877350776778414,0.0,0.0,0.1381847914963205
51,51,2020/12/13,467,320,47,0,0,100,1697,295,1264,0,0,137,301,206,46,0,0,49,423,248,132,0,0,42,1485,390,978,0,0,114,424,285,87,0,0,51,596,424,127,0,0,44,2911,534,2153,0,0,219,367,266,77,0,0,23,2968,4911,0,0,779,8658,0.6852248394004282,0.1006423982869379,0.0,0.0,0.21413276231263384,0.17383618149675897,0.7448438420742487,0.0,0.0,0.0807307012374779,0.6843853820598007,0.15282392026578073,0.0,0.0,0.16279069767441862,0.5862884160756501,0.3120567375886525,0.0,0.0,0.09929078014184398,0.26262626262626265,0.6585858585858586,0.0,0.0,0.07676767676767676,0.6721698113207547,0.20518867924528303,0.0,0.0,0.12028301886792453,0.7114093959731543,0.21308724832214765,0.0,0.0,0.0738255033557047,0.18344211611130196,0.739608381999313,0.0,0.0,0.07523187907935418,0.7247956403269755,0.2098092643051771,0.0,0.0,0.06267029972752043,0.3428043428043428,0.5672210672210672,0.0,0.0,0.08997458997458997
52,52,2020/12/20,316,193,70,0,0,53,754,116,559,0,0,76,400,246,117,0,0,37,320,150,142,0,0,28,844,203,587,0,0,54,206,127,56,0,0,23,581,298,230,0,0,50,1832,208,1505,0,0,115,349,244,79,0,0,25,1785,3345,0,0,461,5591,0.6107594936708861,0.22151898734177214,0.0,0.0,0.16772151898734178,0.15384615384615385,0.7413793103448276,0.0,0.0,0.10079575596816977,0.615,0.2925,0.0,0.0,0.0925,0.46875,0.44375,0.0,0.0,0.0875,0.24052132701421802,0.6954976303317536,0.0,0.0,0.06398104265402843,0.616504854368932,0.27184466019417475,0.0,0.0,0.11165048543689321,0.5129087779690189,0.3958691910499139,0.0,0.0,0.08605851979345955,0.11353711790393013,0.8215065502183406,0.0,0.0,0.06277292576419213,0.6991404011461319,0.22636103151862463,0.0,0.0,0.07163323782234957,0.31926310141298514,0.5982829547487033,0.0,0.0,0.08245394383831157
53,53,2020/12/27,277,145,100,0,1,31,1160,100,1014,1,2,37,465,217,225,0,0,23,559,155,362,0,2,38,954,119,796,0,1,33,180,77,91,0,0,12,957,351,549,0,0,57,3008,252,2635,0,2,114,233,97,129,0,0,7,1513,5901,1,8,352,7775,0.5234657039711191,0.36101083032490977,0.0,0.0036101083032490976,0.11191335740072202,0.08620689655172414,0.8741379310344828,0.0008620689655172414,0.0017241379310344827,0.03189655172413793,0.4666666666666667,0.4838709677419355,0.0,0.0,0.04946236559139785,0.2772808586762075,0.6475849731663685,0.0,0.0035778175313059034,0.06797853309481217,0.12473794549266247,0.8343815513626834,0.0,0.0010482180293501049,0.03459119496855346,0.42777777777777776,0.5055555555555555,0.0,0.0,0.06666666666666667,0.3667711598746082,0.5736677115987461,0.0,0.0,0.05956112852664577,0.08377659574468085,0.8759973404255319,0.0,0.0006648936170212766,0.03789893617021277,0.41630901287553645,0.5536480686695279,0.0,0.0,0.030042918454935622,0.19459807073954985,0.7589710610932476,0.00012861736334405144,0.0010289389067524115,0.04527331189710611
54,54,2021/01/03,620,234,339,0,2,44,1515,61,1390,0,3,58,570,149,410,0,1,10,926,198,687,0,4,30,1132,104,980,0,3,40,425,115,289,1,1,17,1853,526,1239,0,1,86,3011,204,2660,0,2,139,382,92,282,0,1,7,1683,8276,1,18,431,10409,0.3774193548387097,0.5467741935483871,0.0,0.0032258064516129032,0.07096774193548387,0.04026402640264026,0.9174917491749175,0.0,0.0019801980198019802,0.03828382838283828,0.2614035087719298,0.7192982456140351,0.0,0.0017543859649122807,0.017543859649122806,0.21382289416846653,0.7419006479481641,0.0,0.004319654427645789,0.032397408207343416,0.09187279151943463,0.8657243816254417,0.0,0.00265017667844523,0.0353356890459364,0.27058823529411763,0.68,0.002352941176470588,0.002352941176470588,0.04,0.2838640043173233,0.6686454398273071,0.0,0.0005396654074473826,0.04641122504047491,0.06775157754898704,0.8834274327465959,0.0,0.0006642311524410495,0.04616406509465294,0.24083769633507854,0.7382198952879581,0.0,0.002617801047120419,0.01832460732984293,0.16168700163320204,0.7950811797482947,9.607070804111827e-05,0.0017292727447401287,0.04140647516572197
55,55,2021/01/10,710,222,450,0,0,38,1769,60,1649,0,0,51,634,152,467,0,0,15,955,147,783,0,0,21,1007,85,893,0,0,23,449,92,351,0,0,6,4022,793,3062,0,0,158,2799,83,2656,0,0,55,632,92,529,0,0,9,1726,10840,0,0,376,12942,0.3126760563380282,0.6338028169014085,0.0,0.0,0.05352112676056338,0.033917467495760314,0.9321650650084794,0.0,0.0,0.02882984737139627,0.23974763406940064,0.7365930599369085,0.0,0.0,0.02365930599369085,0.15392670157068064,0.8198952879581152,0.0,0.0,0.02198952879581152,0.08440913604766634,0.8867924528301887,0.0,0.0,0.022840119165839126,0.20489977728285078,0.7817371937639198,0.0,0.0,0.013363028953229399,0.1971655892590751,0.7613127797115863,0.0,0.0,0.03928393833913476,0.02965344765987853,0.948910325116113,0.0,0.0,0.019649874955341193,0.14556962025316456,0.8370253164556962,0.0,0.0,0.014240506329113924,0.13336424045742543,0.8375830628959975,0.0,0.0,0.029052696646577034
56,56,2021/01/17,1046,206,794,1,0,42,1295,44,1218,0,0,18,942,140,789,0,0,11,1100,129,952,0,0,11,898,41,826,0,0,24,520,69,439,0,0,10,3537,470,2982,2,0,75,2874,86,2681,0,0,88,412,38,366,0,0,7,1223,11047,3,0,286,12559,0.19694072657743786,0.7590822179732314,0.0009560229445506692,0.0,0.040152963671128104,0.03397683397683398,0.9405405405405406,0.0,0.0,0.013899613899613899,0.14861995753715498,0.8375796178343949,0.0,0.0,0.01167728237791932,0.11727272727272728,0.8654545454545455,0.0,0.0,0.01,0.045657015590200446,0.9198218262806236,0.0,0.0,0.026726057906458798,0.1326923076923077,0.8442307692307692,0.0,0.0,0.019230769230769232,0.13288097257562906,0.8430873621713316,0.0005654509471303364,0.0,0.021204410517387615,0.029923451635351428,0.9328462073764787,0.0,0.0,0.030619345859429367,0.09223300970873786,0.8883495145631068,0.0,0.0,0.01699029126213592,0.09738036467871646,0.8796082490644159,0.0002388725216975874,0.0,0.02277251373517
57,57,2021/01/24,1106,112,968,1,0,23,2741,136,2540,1,0,60,703,37,662,0,0,1,1514,95,1403,0,0,11,1222,25,1179,1,1,11,659,62,586,0,0,11,4812,395,4319,2,0,90,3911,27,3823,0,0,45,742,48,687,0,0,6,937,16167,5,1,258,17368,0.10126582278481013,0.8752260397830018,0.0009041591320072332,0.0,0.020795660036166366,0.049616928128420286,0.9266690988690259,0.00036483035388544326,0.0,0.021889821233126595,0.05263157894736842,0.9416785206258891,0.0,0.0,0.001422475106685633,0.06274768824306473,0.9266842800528402,0.0,0.0,0.00726552179656539,0.020458265139116204,0.9648117839607201,0.0008183306055646482,0.0008183306055646482,0.00900163666121113,0.09408194233687406,0.8892261001517451,0.0,0.0,0.01669195751138088,0.08208645054031588,0.8975477971737323,0.00041562759767248546,0.0,0.018703241895261846,0.006903605216057275,0.9774993607772948,0.0,0.0,0.01150600869342879,0.0646900269541779,0.9258760107816711,0.0,0.0,0.008086253369272238,0.053949792722247814,0.9308498387839705,0.0002878857669276831,5.757715338553662e-05,0.014854905573468448
58,58,2021/01/31,547,45,497,0,0,5,1696,36,1627,0,0,23,459,49,409,0,0,0,781,36,738,0,0,7,710,17,684,1,1,7,422,25,395,0,0,2,1413,62,1330,1,0,16,3135,24,3053,0,1,44,659,22,631,0,0,6,316,9364,2,2,110,9794,0.08226691042047532,0.9085923217550275,0.0,0.0,0.009140767824497258,0.02122641509433962,0.9593160377358491,0.0,0.0,0.013561320754716982,0.10675381263616558,0.8910675381263616,0.0,0.0,0.0,0.046094750320102434,0.9449423815620999,0.0,0.0,0.008962868117797696,0.023943661971830985,0.9633802816901409,0.0014084507042253522,0.0014084507042253522,0.009859154929577466,0.05924170616113744,0.9360189573459715,0.0,0.0,0.004739336492890996,0.043878273177636234,0.9412597310686482,0.0007077140835102619,0.0,0.01132342533616419,0.007655502392344498,0.9738437001594896,0.0,0.0003189792663476874,0.014035087719298246,0.03338391502276176,0.9575113808801214,0.0,0.0,0.009104704097116844,0.03226465182764958,0.9560955687155401,0.00020420665713702266,0.00020420665713702266,0.011231366142536246
59,59,2021/02/07,970,30,935,0,0,5,1289,15,1261,0,0,7,512,15,495,0,0,1,1287,38,1243,0,0,5,854,9,834,0,0,10,678,27,649,0,0,2,2659,79,2542,0,0,26,2520,12,2455,0,0,32,961,17,936,0,0,6,242,11350,0,0,94,11686,0.030927835051546393,0.9639175257731959,0.0,0.0,0.005154639175257732,0.011636927851047323,0.978277734678045,0.0,0.0,0.005430566330488751,0.029296875,0.966796875,0.0,0.0,0.001953125,0.029526029526029528,0.9658119658119658,0.0,0.0,0.003885003885003885,0.01053864168618267,0.9765807962529274,0.0,0.0,0.0117096018735363,0.03982300884955752,0.9572271386430679,0.0,0.0,0.0029498525073746312,0.029710417450169238,0.9559984956750658,0.0,0.0,0.009778112072207596,0.004761904761904762,0.9742063492063492,0.0,0.0,0.012698412698412698,0.01768990634755463,0.9739854318418314,0.0,0.0,0.006243496357960458,0.02070854013349307,0.971247646756803,0.0,0.0,0.00804381310970392
60,60,2021/02/14,1723,51,1661,0,0,11,1431,11,1402,0,0,13,1208,31,1176,1,0,0,1190,23,1161,0,0,5,1071,10,1040,0,0,19,879,16,854,0,0,9,3297,40,3228,0,0,16,1371,12,1336,0,0,18,919,14,893,0,0,2,208,12751,1,0,93,13053,0.02959953569355775,0.9640162507254788,0.0,0.0,0.006384213580963436,0.007686932215234102,0.9797344514325647,0.0,0.0,0.009084556254367574,0.02566225165562914,0.9735099337748344,0.0008278145695364238,0.0,0.0,0.019327731092436976,0.9756302521008403,0.0,0.0,0.004201680672268907,0.009337068160597572,0.9710550887021475,0.0,0.0,0.017740429505135387,0.01820250284414107,0.9715585893060296,0.0,0.0,0.010238907849829351,0.012132241431604488,0.9790718835304822,0.0,0.0,0.004852896572641796,0.0087527352297593,0.9744711889132021,0.0,0.0,0.01312910284463895,0.015233949945593036,0.9717083786724701,0.0,0.0,0.002176278563656148,0.015935034091779668,0.9768635562705892,7.661074082586379e-05,0.0,0.007124798896805332
61,61,2021/02/21,2704,33,2661,0,0,9,1239,4,1204,0,0,13,1624,12,1605,0,0,7,848,11,827,0,0,5,891,2,871,0,0,14,810,5,798,0,0,5,2565,12,2529,0,0,12,1226,14,1142,0,0,35,542,3,530,0,0,7,96,12167,0,0,107,12370,0.01220414201183432,0.9840976331360947,0.0,0.0,0.0033284023668639054,0.003228410008071025,0.9717514124293786,0.0,0.0,0.010492332526230832,0.007389162561576354,0.9883004926108374,0.0,0.0,0.004310344827586207,0.012971698113207548,0.9752358490566038,0.0,0.0,0.00589622641509434,0.002244668911335578,0.9775533108866442,0.0,0.0,0.015712682379349047,0.006172839506172839,0.9851851851851852,0.0,0.0,0.006172839506172839,0.004678362573099415,0.9859649122807017,0.0,0.0,0.004678362573099415,0.011419249592169658,0.9314845024469821,0.0,0.0,0.028548123980424143,0.005535055350553505,0.977859778597786,0.0,0.0,0.012915129151291513,0.007760711398544866,0.983589329021827,0.0,0.0,0.008649959579628132
62,62,2021/02/28,2755,20,2721,0,0,10,981,2,940,0,0,24,1068,4,1061,0,0,2,773,5,750,0,0,16,846,1,821,0,0,19,794,7,775,0,0,7,1963,22,1912,0,0,15,1257,3,1176,0,0,36,406,3,398,0,0,4,67,10554,0,0,133,10754,0.007259528130671506,0.9876588021778584,0.0,0.0,0.003629764065335753,0.0020387359836901123,0.9582059123343527,0.0,0.0,0.024464831804281346,0.003745318352059925,0.9934456928838952,0.0,0.0,0.0018726591760299626,0.00646830530401035,0.9702457956015524,0.0,0.0,0.02069857697283312,0.001182033096926714,0.9704491725768322,0.0,0.0,0.022458628841607566,0.008816120906801008,0.9760705289672544,0.0,0.0,0.008816120906801008,0.011207335710646969,0.9740193581253184,0.0,0.0,0.007641365257259297,0.002386634844868735,0.9355608591885441,0.0,0.0,0.028639618138424822,0.007389162561576354,0.9802955665024631,0.0,0.0,0.009852216748768473,0.006230239910730891,0.9814022689231914,0.0,0.0,0.012367491166077738
63,63,2021/03/07,3294,9,3274,0,0,10,1043,6,990,0,0,29,1433,0,1430,0,0,1,1036,6,1011,0,0,12,969,0,948,0,0,15,1141,8,1119,1,0,9,1611,2,1584,0,0,19,1270,5,1179,1,0,42,389,0,382,0,0,4,36,11917,2,0,141,12096,0.00273224043715847,0.9939283545840923,0.0,0.0,0.0030358227079538553,0.005752636625119847,0.9491850431447747,0.0,0.0,0.027804410354745925,0.0,0.9979064898813678,0.0,0.0,0.0006978367062107466,0.005791505791505791,0.9758687258687259,0.0,0.0,0.011583011583011582,0.0,0.978328173374613,0.0,0.0,0.015479876160990712,0.007011393514460999,0.9807186678352322,0.0008764241893076249,0.0,0.007887817703768623,0.0012414649286157666,0.9832402234636871,0.0,0.0,0.011793916821849782,0.003937007874015748,0.9283464566929134,0.0007874015748031496,0.0,0.03307086614173228,0.0,0.9820051413881749,0.0,0.0,0.010282776349614395,0.002976190476190476,0.9852017195767195,0.00016534391534391533,0.0,0.011656746031746032
64,64,2021/03/14,3679,2,3660,0,0,9,660,1,640,2,0,8,1040,0,1036,0,0,2,1158,2,1145,0,0,6,832,0,826,0,0,2,1401,4,1387,0,0,8,2154,5,2126,0,0,19,881,0,785,0,0,28,296,0,289,0,0,2,14,11894,2,0,84,11994,0.0005436259853220984,0.99483555313944,0.0,0.0,0.002446316933949443,0.0015151515151515152,0.9696969696969697,0.0030303030303030303,0.0,0.012121212121212121,0.0,0.9961538461538462,0.0,0.0,0.0019230769230769232,0.0017271157167530224,0.9887737478411054,0.0,0.0,0.0051813471502590676,0.0,0.9927884615384616,0.0,0.0,0.002403846153846154,0.0028551034975017845,0.9900071377587437,0.0,0.0,0.005710206995003569,0.002321262766945218,0.9870009285051068,0.0,0.0,0.008820798514391829,0.0,0.8910329171396141,0.0,0.0,0.03178206583427923,0.0,0.9763513513513513,0.0,0.0,0.006756756756756757,0.001167250291812573,0.9916624979156244,0.00016675004168751042,0.0,0.007003501750875438
65,65,2021/03/21,3648,3,3630,0,0,8,733,3,714,1,0,6,839,0,837,0,0,1,1382,2,1357,0,0,20,1023,0,1009,0,0,7,1829,3,1817,0,0,1,2810,2,2769,1,0,29,1078,6,969,2,1,30,377,3,369,0,0,3,22,13471,4,1,105,13603,0.0008223684210526315,0.9950657894736842,0.0,0.0,0.0021929824561403508,0.004092769440654843,0.9740791268758526,0.001364256480218281,0.0,0.008185538881309686,0.0,0.9976162097735399,0.0,0.0,0.0011918951132300357,0.001447178002894356,0.9819102749638206,0.0,0.0,0.01447178002894356,0.0,0.9863147605083089,0.0,0.0,0.006842619745845552,0.0016402405686167304,0.9934390377255331,0.0,0.0,0.0005467468562055768,0.0007117437722419929,0.9854092526690391,0.00035587188612099647,0.0,0.010320284697508897,0.0055658627087198514,0.898886827458256,0.0018552875695732839,0.0009276437847866419,0.027829313543599257,0.007957559681697613,0.9787798408488063,0.0,0.0,0.007957559681697613,0.001617290303609498,0.990296258178343,0.00029405278247445415,7.351319561861354e-05,0.0077188855399544214
66,66,2021/03/28,2827,0,2807,1,0,7,461,0,444,3,0,2,807,0,805,0,0,0,1062,0,1039,0,0,14,541,1,523,3,0,6,1150,2,1139,2,0,2,1921,2,1883,6,0,16,700,1,638,1,0,19,181,0,173,1,0,2,6,9451,17,0,68,9542,0.0,0.9929253625751681,0.00035373187124159886,0.0,0.002476123098691192,0.0,0.9631236442516269,0.006507592190889371,0.0,0.004338394793926247,0.0,0.9975216852540273,0.0,0.0,0.0,0.0,0.9783427495291902,0.0,0.0,0.013182674199623353,0.0018484288354898336,0.966728280961183,0.005545286506469501,0.0,0.011090573012939002,0.0017391304347826088,0.9904347826086957,0.0017391304347826088,0.0,0.0017391304347826088,0.001041124414367517,0.9802186361270172,0.0031233732431025507,0.0,0.008328995314940135,0.0014285714285714286,0.9114285714285715,0.0014285714285714286,0.0,0.027142857142857142,0.0,0.9558011049723757,0.0055248618784530384,0.0,0.011049723756906077,0.0006287989939216097,0.9904632152588556,0.0017815971494445609,0.0,0.0071263885977782436
67,67,2021/04/04,1937,1,1924,4,0,3,483,0,454,8,0,5,462,0,459,0,0,2,649,1,632,1,0,10,452,0,427,4,0,11,720,0,704,4,0,2,1015,0,988,8,0,11,585,0,481,25,0,18,141,1,132,2,0,3,3,6201,56,0,65,6325,0.0005162622612287042,0.9932885906040269,0.002065049044914817,0.0,0.0015487867836861124,0.0,0.9399585921325052,0.016563146997929608,0.0,0.010351966873706004,0.0,0.9935064935064936,0.0,0.0,0.004329004329004329,0.0015408320493066256,0.9738058551617874,0.0015408320493066256,0.0,0.015408320493066256,0.0,0.9446902654867256,0.008849557522123894,0.0,0.024336283185840708,0.0,0.9777777777777777,0.005555555555555556,0.0,0.002777777777777778,0.0,0.9733990147783251,0.007881773399014778,0.0,0.01083743842364532,0.0,0.8222222222222222,0.042735042735042736,0.0,0.03076923076923077,0.0070921985815602835,0.9361702127659575,0.014184397163120567,0.0,0.02127659574468085,0.0004743083003952569,0.980395256916996,0.008853754940711462,0.0,0.010276679841897233
68,68,2021/04/11,1694,0,1677,3,0,8,476,0,420,18,0,11,343,0,336,1,0,3,588,0,565,13,0,6,452,1,425,12,0,7,629,1,596,11,0,3,828,0,789,24,0,9,691,2,543,56,0,23,111,0,95,10,0,2,4,5446,148,0,72,5670,0.0,0.9899645808736718,0.0017709563164108619,0.0,0.004722550177095631,0.0,0.8823529411764706,0.037815126050420166,0.0,0.023109243697478993,0.0,0.9795918367346939,0.0029154518950437317,0.0,0.008746355685131196,0.0,0.9608843537414966,0.022108843537414966,0.0,0.01020408163265306,0.0022123893805309734,0.9402654867256637,0.02654867256637168,0.0,0.015486725663716814,0.001589825119236884,0.9475357710651828,0.017488076311605722,0.0,0.0047694753577106515,0.0,0.9528985507246377,0.028985507246376812,0.0,0.010869565217391304,0.002894356005788712,0.7858176555716353,0.08104196816208394,0.0,0.03328509406657019,0.0,0.8558558558558559,0.09009009009009009,0.0,0.018018018018018018,0.0007054673721340388,0.9604938271604938,0.026102292768959437,0.0,0.012698412698412698
69,69,2021/04/18,1632,0,1604,17,0,1,412,0,340,31,0,20,307,0,298,6,0,3,544,1,503,18,0,3,494,0,447,31,0,5,632,0,556,48,0,7,919,1,841,57,0,9,876,1,618,145,0,27,119,0,108,7,0,2,3,5315,360,0,77,5755,0.0,0.9828431372549019,0.010416666666666666,0.0,0.0006127450980392157,0.0,0.8252427184466019,0.07524271844660194,0.0,0.04854368932038835,0.0,0.9706840390879479,0.019543973941368076,0.0,0.009771986970684038,0.001838235294117647,0.9246323529411765,0.03308823529411765,0.0,0.0055147058823529415,0.0,0.9048582995951417,0.06275303643724696,0.0,0.010121457489878543,0.0,0.879746835443038,0.0759493670886076,0.0,0.011075949367088608,0.001088139281828074,0.9151251360174102,0.062023939064200215,0.0,0.009793253536452665,0.001141552511415525,0.7054794520547946,0.16552511415525115,0.0,0.030821917808219176,0.0,0.907563025210084,0.058823529411764705,0.0,0.01680672268907563,0.0005212858384013901,0.9235447437011295,0.06255430060816682,0.0,0.013379669852302345
70,70,2021/04/25,1475,0,1433,21,0,20,327,0,251,49,0,13,341,0,313,26,0,2,563,0,486,41,0,3,488,0,398,72,0,7,578,0,494,63,0,3,1114,0,860,234,0,5,639,0,362,194,0,18,83,1,52,24,0,2,1,4649,724,0,73,5447,0.0,0.9715254237288136,0.01423728813559322,0.0,0.013559322033898305,0.0,0.7675840978593272,0.14984709480122324,0.0,0.039755351681957186,0.0,0.9178885630498533,0.07624633431085044,0.0,0.005865102639296188,0.0,0.8632326820603907,0.07282415630550622,0.0,0.0053285968028419185,0.0,0.8155737704918032,0.14754098360655737,0.0,0.014344262295081968,0.0,0.8546712802768166,0.10899653979238755,0.0,0.005190311418685121,0.0,0.7719928186714542,0.21005385996409337,0.0,0.004488330341113106,0.0,0.5665101721439749,0.30359937402190923,0.0,0.028169014084507043,0.012048192771084338,0.6265060240963856,0.2891566265060241,0.0,0.024096385542168676,0.00018358729575913347,0.8534973379842115,0.13291720212961264,0.0,0.013401872590416744
71,71,2021/05/02,932,0,882,20,0,26,314,0,220,76,0,5,231,0,210,19,0,0,527,0,452,61,0,2,521,0,364,143,0,9,826,0,666,152,0,5,1525,1,787,726,0,7,508,0,253,196,0,25,33,0,14,15,0,2,1,3848,1408,0,81,5338,0.0,0.9463519313304721,0.02145922746781116,0.0,0.027896995708154508,0.0,0.7006369426751592,0.24203821656050956,0.0,0.01592356687898089,0.0,0.9090909090909091,0.08225108225108226,0.0,0.0,0.0,0.857685009487666,0.1157495256166983,0.0,0.003795066413662239,0.0,0.6986564299424184,0.2744721689059501,0.0,0.01727447216890595,0.0,0.8062953995157385,0.18401937046004843,0.0,0.006053268765133172,0.0006557377049180328,0.5160655737704918,0.4760655737704918,0.0,0.0045901639344262295,0.0,0.49803149606299213,0.3858267716535433,0.0,0.04921259842519685,0.0,0.42424242424242425,0.45454545454545453,0.0,0.06060606060606061,0.00018733608092918696,0.7208692394155114,0.26376920194829523,0.0,0.015174222555264143
72,72,2021/05/09,928,0,826,54,0,47,340,1,205,121,0,8,273,0,217,53,0,3,448,0,328,107,0,2,557,0,283,265,0,5,678,1,467,204,0,4,1831,1,637,1180,0,5,690,0,301,350,0,5,70,0,41,27,0,0,3,3305,2361,0,79,5748,0.0,0.8900862068965517,0.05818965517241379,0.0,0.05064655172413793,0.0029411764705882353,0.6029411764705882,0.3558823529411765,0.0,0.023529411764705882,0.0,0.7948717948717948,0.19413919413919414,0.0,0.01098901098901099,0.0,0.7321428571428571,0.23883928571428573,0.0,0.004464285714285714,0.0,0.5080789946140036,0.4757630161579892,0.0,0.008976660682226212,0.0014749262536873156,0.6887905604719764,0.3008849557522124,0.0,0.0058997050147492625,0.0005461496450027307,0.3478973238667395,0.6444565811032222,0.0,0.002730748225013654,0.0,0.43623188405797103,0.5072463768115942,0.0,0.007246376811594203,0.0,0.5857142857142857,0.38571428571428573,0.0,0.0,0.0005219206680584551,0.574982602644398,0.41075156576200417,0.0,0.013743910925539319
73,73,2021/05/16,839,0,641,164,0,34,427,0,155,261,0,6,216,0,154,56,0,3,559,1,273,282,0,2,765,0,245,509,0,6,641,0,313,324,0,3,2795,0,507,2280,0,5,891,0,274,561,0,21,157,0,89,65,0,2,1,2651,4502,0,82,7236,0.0,0.7640047675804529,0.19547079856972585,0.0,0.04052443384982122,0.0,0.3629976580796253,0.6112412177985949,0.0,0.01405152224824356,0.0,0.7129629629629629,0.25925925925925924,0.0,0.013888888888888888,0.0017889087656529517,0.4883720930232558,0.5044722719141324,0.0,0.0035778175313059034,0.0,0.3202614379084967,0.665359477124183,0.0,0.00784313725490196,0.0,0.48829953198127923,0.5054602184087363,0.0,0.0046801872074883,0.0,0.1813953488372093,0.815742397137746,0.0,0.0017889087656529517,0.0,0.3075196408529742,0.6296296296296297,0.0,0.02356902356902357,0.0,0.5668789808917197,0.4140127388535032,0.0,0.012738853503184714,0.00013819789939192924,0.36636263128800445,0.6221669430624654,0.0,0.011332227750138198
74,74,2021/05/23,832,0,434,382,0,16,1027,0,179,841,0,5,238,1,101,135,0,1,836,0,166,668,0,2,700,0,140,555,0,3,694,0,221,471,0,2,4353,0,394,3954,0,1,1452,0,235,1173,0,11,200,1,49,145,0,2,2,1919,8324,0,43,10288,0.0,0.5216346153846154,0.45913461538461536,0.0,0.019230769230769232,0.0,0.17429406037000975,0.818889970788705,0.0,0.004868549172346641,0.004201680672268907,0.42436974789915966,0.5672268907563025,0.0,0.004201680672268907,0.0,0.19856459330143542,0.7990430622009569,0.0,0.0023923444976076554,0.0,0.2,0.7928571428571428,0.0,0.004285714285714286,0.0,0.3184438040345821,0.6786743515850144,0.0,0.002881844380403458,0.0,0.0905122903744544,0.9083390764989663,0.0,0.00022972662531587412,0.0,0.1618457300275482,0.8078512396694215,0.0,0.007575757575757576,0.005,0.245,0.725,0.0,0.01,0.00019440124416796267,0.18652799377916018,0.8090979782270606,0.0,0.004179626749611197
75,75,2021/05/30,1352,0,375,955,0,22,1776,0,119,1654,0,2,526,0,117,406,0,0,1328,0,116,1211,0,1,984,1,87,888,0,7,1044,0,175,869,0,0,6362,2,238,6114,0,4,2643,0,235,2388,0,6,518,1,55,460,0,0,4,1517,14945,0,42,16508,0.0,0.27736686390532544,0.7063609467455622,0.0,0.016272189349112426,0.0,0.0670045045045045,0.9313063063063063,0.0,0.0011261261261261261,0.0,0.2224334600760456,0.7718631178707225,0.0,0.0,0.0,0.08734939759036145,0.9118975903614458,0.0,0.0007530120481927711,0.0010162601626016261,0.08841463414634146,0.9024390243902439,0.0,0.007113821138211382,0.0,0.16762452107279693,0.8323754789272031,0.0,0.0,0.00031436655139893113,0.03740961961647281,0.9610185476265325,0.0,0.0006287331027978623,0.0,0.08891411275066213,0.9035187287173666,0.0,0.0022701475595913734,0.0019305019305019305,0.10617760617760617,0.888030888030888,0.0,0.0,0.000242306760358614,0.09189483886600436,0.9053186333898716,0.0,0.002544220983765447
76,76,2021/06/06,1064,0,122,934,0,4,1708,0,70,1632,0,3,586,0,41,545,0,0,1259,0,56,1200,0,3,1000,1,75,921,0,2,1127,0,103,1019,0,5,6592,0,171,6417,0,2,2694,0,108,2566,0,8,1290,1,88,1200,0,1,2,834,16434,0,28,17298,0.0,0.11466165413533834,0.8778195488721805,0.0,0.0037593984962406013,0.0,0.040983606557377046,0.955503512880562,0.0,0.001756440281030445,0.0,0.06996587030716724,0.9300341296928327,0.0,0.0,0.0,0.04447974583002383,0.9531374106433678,0.0,0.0023828435266084196,0.001,0.075,0.921,0.0,0.002,0.0,0.09139307897071872,0.904170363797693,0.0,0.0044365572315882874,0.0,0.025940533980582523,0.9734526699029126,0.0,0.00030339805825242716,0.0,0.0400890868596882,0.9524870081662955,0.0,0.002969561989606533,0.0007751937984496124,0.06821705426356589,0.9302325581395349,0.0,0.0007751937984496124,0.00011562030292519366,0.04821366631980576,0.9500520291363164,0.0,0.0016186842409527114
77,77,2021/06/13,947,0,26,917,0,4,1082,0,26,1054,0,0,851,0,15,835,0,0,1164,0,12,1150,0,2,678,0,18,659,0,1,875,0,25,849,0,1,4975,0,38,4932,0,4,1705,0,48,1651,0,5,1483,0,22,1461,0,0,0,230,13508,0,17,13755,0.0,0.027455121436114043,0.9683210137275607,0.0,0.004223864836325237,0.0,0.024029574861367836,0.9741219963031423,0.0,0.0,0.0,0.01762632197414806,0.981198589894242,0.0,0.0,0.0,0.010309278350515464,0.9879725085910653,0.0,0.001718213058419244,0.0,0.02654867256637168,0.971976401179941,0.0,0.0014749262536873156,0.0,0.02857142857142857,0.9702857142857143,0.0,0.001142857142857143,0.0,0.00763819095477387,0.991356783919598,0.0,0.0008040201005025126,0.0,0.0281524926686217,0.9683284457478006,0.0,0.002932551319648094,0.0,0.014834794335805798,0.9851652056641942,0.0,0.0,0.0,0.016721192293711377,0.9820428934932752,0.0,0.0012359142130134496
78,78,2021/06/20,2103,0,22,2080,0,1,1833,0,12,1817,0,1,1411,0,24,1387,0,0,1303,0,12,1290,0,1,1281,0,13,1262,0,0,1145,0,21,1124,0,0,3853,0,28,3823,0,0,2754,0,27,2698,0,7,2091,0,20,2068,0,0,0,179,17549,0,10,17738,0.0,0.010461245839277223,0.9890632429862102,0.0,0.00047551117451260106,0.0,0.006546644844517185,0.9912711402073104,0.0,0.0005455537370430987,0.0,0.01700921332388377,0.9829907866761163,0.0,0.0,0.0,0.00920951650038373,0.990023023791251,0.0,0.0007674597083653108,0.0,0.01014832162373146,0.985167837626854,0.0,0.0,0.0,0.01834061135371179,0.9816593886462882,0.0,0.0,0.0,0.007267064624967558,0.9922138593303919,0.0,0.0,0.0,0.00980392156862745,0.9796659404502541,0.0,0.002541757443718228,0.0,0.009564801530368245,0.9890004782400765,0.0,0.0,0.0,0.010091329349419326,0.989344909234412,0.0,0.0005637614161686774
79,79,2021/06/27,1799,0,12,1786,0,0,3454,0,10,3427,0,2,1660,0,6,1652,0,1,1419,0,12,1405,0,0,1567,0,14,1545,0,3,1465,0,13,1452,0,0,2932,0,6,2924,0,0,3283,20,74,3133,0,14,3839,0,25,3806,0,0,20,172,21130,0,20,21342,0.0,0.006670372429127293,0.9927737632017788,0.0,0.0,0.0,0.0028951939779965257,0.9921829762594094,0.0,0.0005790387955993051,0.0,0.0036144578313253013,0.9951807228915662,0.0,0.0006024096385542169,0.0,0.008456659619450317,0.9901338971106413,0.0,0.0,0.0,0.008934269304403318,0.9859604339502234,0.0,0.0019144862795149968,0.0,0.008873720136518772,0.9911262798634812,0.0,0.0,0.0,0.0020463847203274215,0.9972714870395635,0.0,0.0,0.006091989034419738,0.02254035942735303,0.954310082241852,0.0,0.0042643923240938165,0.0,0.006512112529304506,0.9914040114613181,0.0,0.0,0.0009371192952862899,0.008059225939462093,0.9900665354699654,0.0,0.0009371192952862899
80,80,2021/07/04,2383,0,3,2376,0,0,2509,0,4,2490,0,0,2806,0,6,2798,1,0,1350,0,6,1342,0,1,1597,0,3,1581,0,0,1489,0,12,1475,0,0,2850,0,5,2841,0,0,2377,0,7,2296,0,1,2897,0,10,2863,0,0,0,56,20062,1,2,20121,0.0,0.001258917331095258,0.9970625262274444,0.0,0.0,0.0,0.0015942606616181746,0.9924272618573137,0.0,0.0,0.0,0.0021382751247327157,0.9971489665003563,0.0003563791874554526,0.0,0.0,0.0044444444444444444,0.9940740740740741,0.0,0.0007407407407407407,0.0,0.001878522229179712,0.9899812147777082,0.0,0.0,0.0,0.008059100067159167,0.9905977165883143,0.0,0.0,0.0,0.0017543859649122807,0.9968421052631579,0.0,0.0,0.0,0.002944888514934792,0.9659234328986117,0.0,0.00042069835927639884,0.0,0.0034518467380048328,0.9882637210907835,0.0,0.0,0.0,0.002783161870682372,0.9970677401719596,4.969931911932806e-05,9.939863823865613e-05
81,81,2021/07/11,2337,0,1,2333,0,0,2336,0,1,2293,0,1,1292,0,1,1290,0,0,1548,0,1,1540,0,0,1392,0,1,1361,0,0,952,0,2,941,0,4,2424,0,3,2417,0,0,2657,0,3,2544,0,1,1064,0,0,1055,0,0,0,13,15774,0,6,15793,0.0,0.0004278990158322636,0.998288403936671,0.0,0.0,0.0,0.0004280821917808219,0.9815924657534246,0.0,0.0004280821917808219,0.0,0.0007739938080495357,0.9984520123839009,0.0,0.0,0.0,0.0006459948320413437,0.9948320413436692,0.0,0.0,0.0,0.0007183908045977011,0.9777298850574713,0.0,0.0,0.0,0.0021008403361344537,0.9884453781512605,0.0,0.004201680672268907,0.0,0.0012376237623762376,0.9971122112211221,0.0,0.0,0.0,0.0011290929619872036,0.9574708317651487,0.0,0.0003763643206624012,0.0,0.0,0.9915413533834586,0.0,0.0,0.0,0.0008231494966124232,0.9987969353511049,0.0,0.0003799151522826569
82,82,2021/07/18,3572,0,2,3565,0,0,3173,0,4,3117,0,1,1002,0,0,1000,0,0,2195,0,1,2188,0,0,2348,0,2,2289,0,0,1646,0,1,1635,0,0,3385,0,4,3373,0,1,3957,0,6,3809,1,1,2596,5,7,2552,0,1,5,27,23528,1,4,23565,0.0,0.0005599104143337066,0.998040313549832,0.0,0.0,0.0,0.0012606366214938543,0.982351087299086,0.0,0.0003151591553734636,0.0,0.0,0.998003992015968,0.0,0.0,0.0,0.00045558086560364467,0.9968109339407745,0.0,0.0,0.0,0.0008517887563884157,0.9748722316865417,0.0,0.0,0.0,0.0006075334143377885,0.9933171324422844,0.0,0.0,0.0,0.0011816838995568684,0.9964549483013294,0.0,0.0002954209748892171,0.0,0.001516300227445034,0.9625979277230224,0.00025271670457417233,0.00025271670457417233,0.001926040061633282,0.002696456086286595,0.9830508474576272,0.0,0.0003852080123266564,0.0002121790791427965,0.0011457670273711013,0.9984298748143433,4.2435815828559307e-05,0.00016974326331423723
83,83,2021/07/25,2732,0,0,2716,0,0,2711,0,2,2655,0,1,730,0,1,729,0,0,2157,0,0,2144,0,0,2647,0,0,2589,0,0,1241,0,0,1237,0,0,3978,0,3,3963,0,2,4909,0,7,4728,0,1,4333,0,1,4267,0,0,0,14,25028,0,4,25046,0.0,0.0,0.9941434846266471,0.0,0.0,0.0,0.0007377351530800443,0.9793434157137587,0.0,0.00036886757654002215,0.0,0.0013698630136986301,0.9986301369863013,0.0,0.0,0.0,0.0,0.9939731108020399,0.0,0.0,0.0,0.0,0.9780884019644881,0.0,0.0,0.0,0.0,0.9967767929089444,0.0,0.0,0.0,0.0007541478129713424,0.9962292609351433,0.0,0.0005027652086475615,0.0,0.001425952332450601,0.9631289468323487,0.0,0.00020370747606437156,0.0,0.00023078698361412417,0.9847680590814678,0.0,0.0,0.0,0.0005589714924538849,0.999281322366845,0.0,0.00015970614070110996
84,84,2021/08/01,2621,0,2,2596,0,0,3367,0,3,3290,0,0,834,0,0,829,0,0,2209,0,0,2152,0,1,3337,0,0,3279,0,0,2113,0,2,2101,0,2,3655,0,2,3648,0,0,3820,4,42,3632,0,5,3121,0,0,3085,0,1,4,51,24612,0,9,24676,0.0,0.0007630675314765357,0.9904616558565433,0.0,0.0,0.0,0.000891000891000891,0.9771309771309772,0.0,0.0,0.0,0.0,0.9940047961630696,0.0,0.0,0.0,0.0,0.9741964689904934,0.0,0.0004526935264825713,0.0,0.0,0.9826191189691339,0.0,0.0,0.0,0.000946521533364884,0.9943208707998107,0.0,0.000946521533364884,0.0,0.0005471956224350205,0.9980848153214774,0.0,0.0,0.0010471204188481676,0.01099476439790576,0.9507853403141361,0.0,0.0013089005235602095,0.0,0.0,0.9884652355014418,0.0,0.0003204101249599487,0.00016210082671421625,0.002066785540606257,0.9974063867725725,0.0,0.00036472686010698656
85,85,2021/08/08,2419,0,0,2385,0,0,3453,0,1,3363,0,2,777,0,0,775,0,0,2109,0,0,2024,0,1,2908,0,0,2833,0,1,1980,0,0,1957,0,0,2618,0,1,2589,0,2,3809,0,4,3618,0,1,2634,0,1,2584,0,0,0,7,22128,0,7,22142,0.0,0.0,0.9859446052087639,0.0,0.0,0.0,0.0002896032435563278,0.9739357080799305,0.0,0.0005792064871126556,0.0,0.0,0.9974259974259975,0.0,0.0,0.0,0.0,0.959696538643907,0.0,0.000474158368895211,0.0,0.0,0.9742090784044016,0.0,0.000343878954607978,0.0,0.0,0.9883838383838384,0.0,0.0,0.0,0.0003819709702062643,0.9889228418640184,0.0,0.0007639419404125286,0.0,0.0010501443948542925,0.9498556051457075,0.0,0.00026253609871357313,0.0,0.00037965072133637056,0.9810174639331815,0.0,0.0,0.0,0.0003161412699846446,0.9993677174600307,0.0,0.0003161412699846446
86,86,2021/08/15,3099,0,0,3033,0,0,4033,0,1,3867,0,1,990,0,0,980,0,0,3054,0,0,2917,0,0,2862,0,1,2793,0,0,2355,0,0,2333,0,1,3377,0,1,3344,0,2,3173,0,2,3040,0,1,4274,0,0,4198,0,0,0,5,26505,0,5,26515,0.0,0.0,0.978702807357212,0.0,0.0,0.0,0.0002479543763947434,0.9588395735184726,0.0,0.0002479543763947434,0.0,0.0,0.98989898989899,0.0,0.0,0.0,0.0,0.9551407989521938,0.0,0.0,0.0,0.00034940600978336826,0.9758909853249476,0.0,0.0,0.0,0.0,0.9906581740976645,0.0,0.0004246284501061571,0.0,0.0002961208172934557,0.990228013029316,0.0,0.0005922416345869114,0.0,0.0006303183107469272,0.9580838323353293,0.0,0.0003151591553734636,0.0,0.0,0.9822180627047262,0.0,0.0,0.0,0.00018857250612860644,0.9996228549877428,0.0,0.00018857250612860644
87,87,2021/08/22,3478,0,0,3345,0,0,3825,0,1,3641,0,0,1055,0,0,1037,0,0,3237,0,1,3061,0,0,3115,0,1,3023,0,1,2545,0,2,2488,0,1,4085,0,0,3991,0,0,3545,0,1,3376,1,1,3813,0,0,3699,0,1,0,6,27661,1,4,27672,0.0,0.0,0.9617596319723979,0.0,0.0,0.0,0.00026143790849673205,0.9518954248366013,0.0,0.0,0.0,0.0,0.9829383886255925,0.0,0.0,0.0,0.00030892801977139327,0.9456286685202347,0.0,0.0,0.0,0.00032102728731942215,0.9704654895666132,0.0,0.00032102728731942215,0.0,0.0007858546168958742,0.9776031434184675,0.0,0.0003929273084479371,0.0,0.0,0.9769889840881273,0.0,0.0,0.0,0.00028208744710860365,0.952327221438646,0.00028208744710860365,0.00028208744710860365,0.0,0.0,0.970102281667978,0.0,0.00026226068712300026,0.0,0.0002168256721595837,0.9996024862677074,3.6137612026597286e-05,0.00014455044810638914
88,88,2021/08/29,3313,0,0,3159,0,1,3995,0,0,3799,0,0,899,0,0,880,0,0,2374,0,0,2250,0,0,3842,0,0,3734,0,3,2104,0,2,2041,0,0,3914,0,0,3823,0,2,3852,0,2,3693,0,2,3525,0,0,3396,0,0,0,4,26775,0,8,26787,0.0,0.0,0.9535164503471174,0.0,0.00030184123151222455,0.0,0.0,0.9509386733416771,0.0,0.0,0.0,0.0,0.978865406006674,0.0,0.0,0.0,0.0,0.9477674810446504,0.0,0.0,0.0,0.0,0.9718896408120771,0.0,0.0007808433107756377,0.0,0.0009505703422053232,0.9700570342205324,0.0,0.0,0.0,0.0,0.9767501277465508,0.0,0.000510986203372509,0.0,0.0005192107995846313,0.9587227414330218,0.0,0.0005192107995846313,0.0,0.0,0.963404255319149,0.0,0.0,0.0,0.00014932616567738083,0.9995520215029678,0.0,0.00029865233135476166
89,89,2021/09/05,2849,0,0,2730,0,0,3256,0,0,3077,0,0,1111,0,0,1085,0,0,3598,0,0,3373,0,0,3171,0,0,3046,0,0,2084,0,0,1996,0,0,4211,0,0,4060,0,0,3357,0,2,3179,0,0,1697,0,0,1616,0,0,0,2,24162,0,0,24164,0.0,0.0,0.9582309582309583,0.0,0.0,0.0,0.0,0.9450245700245701,0.0,0.0,0.0,0.0,0.9765976597659766,0.0,0.0,0.0,0.0,0.9374652584769316,0.0,0.0,0.0,0.0,0.9605802585935036,0.0,0.0,0.0,0.0,0.9577735124760077,0.0,0.0,0.0,0.0,0.9641415340774163,0.0,0.0,0.0,0.0005957700327673518,0.9469764670837056,0.0,0.0,0.0,0.0,0.9522687094873306,0.0,0.0,0.0,8.276775368316503e-05,0.9999172322463168,0.0,0.0
90,90,2021/09/12,2963,0,0,2842,0,0,3810,0,0,3481,0,0,988,0,0,949,0,0,3977,0,0,3690,0,0,3015,0,0,2884,0,0,2186,0,0,2075,0,0,4627,0,0,4382,0,0,3632,0,3,3432,0,1,1970,0,0,1830,0,0,0,3,25565,0,1,25569,0.0,0.0,0.9591630104623692,0.0,0.0,0.0,0.0,0.9136482939632546,0.0,0.0,0.0,0.0,0.9605263157894737,0.0,0.0,0.0,0.0,0.9278350515463918,0.0,0.0,0.0,0.0,0.9565505804311775,0.0,0.0,0.0,0.0,0.9492223238792314,0.0,0.0,0.0,0.0,0.9470499243570348,0.0,0.0,0.0,0.0008259911894273128,0.9449339207048458,0.0,0.00027533039647577095,0.0,0.0,0.9289340101522843,0.0,0.0,0.0,0.00011732957878681215,0.9998435605616176,0.0,3.910985959560405e-05
91,91,2021/09/19,4264,0,0,4074,0,0,3155,0,0,2845,0,2,1345,0,0,1288,0,0,3887,0,0,3555,0,0,2649,0,4,2519,0,1,2114,0,0,1946,0,2,4360,0,0,4068,0,0,2822,0,2,2637,0,1,2240,0,0,2033,0,0,0,6,24965,0,6,24977,0.0,0.0,0.9554409005628518,0.0,0.0,0.0,0.0,0.901743264659271,0.0,0.0006339144215530904,0.0,0.0,0.9576208178438662,0.0,0.0,0.0,0.0,0.914587085155647,0.0,0.0,0.0,0.0015100037750094375,0.9509248773121933,0.0,0.00037750094375235937,0.0,0.0,0.9205298013245033,0.0,0.000946073793755913,0.0,0.0,0.9330275229357798,0.0,0.0,0.0,0.0007087172218284905,0.9344436569808646,0.0,0.00035435861091424523,0.0,0.0,0.9075892857142858,0.0,0.0,0.0,0.0002402210033230572,0.9995195579933539,0.0,0.0002402210033230572
92,92,2021/09/26,2939,0,0,2791,0,0,5201,0,0,4569,0,1,687,0,0,654,0,0,4160,0,0,3790,0,1,3000,0,0,2826,0,0,2182,0,0,2027,0,0,4367,0,0,4039,0,1,3405,0,0,3149,0,0,2002,0,0,1758,0,0,0,0,25603,0,3,25606,0.0,0.0,0.9496427356243621,0.0,0.0,0.0,0.0,0.8784849067487022,0.0,0.00019227071716977504,0.0,0.0,0.9519650655021834,0.0,0.0,0.0,0.0,0.9110576923076923,0.0,0.0002403846153846154,0.0,0.0,0.942,0.0,0.0,0.0,0.0,0.9289642529789184,0.0,0.0,0.0,0.0,0.9248912296771239,0.0,0.0002289901534234028,0.0,0.0,0.9248164464023495,0.0,0.0,0.0,0.0,0.8781218781218781,0.0,0.0,0.0,0.0,0.9998828399593845,0.0,0.00011716004061548074
93,93,2021/10/03,3858,0,0,3591,0,0,4613,0,1,3982,0,0,1077,0,0,1015,0,0,4072,0,0,3665,0,0,2928,0,0,2719,0,0,2192,0,0,2029,0,0,4821,0,2,4459,0,0,2367,0,0,2135,0,0,2881,0,0,2539,0,0,0,3,26134,0,0,26137,0.0,0.0,0.9307931570762052,0.0,0.0,0.0,0.00021677866897897247,0.8632126598742683,0.0,0.0,0.0,0.0,0.9424326833797586,0.0,0.0,0.0,0.0,0.900049115913556,0.0,0.0,0.0,0.0,0.9286202185792349,0.0,0.0,0.0,0.0,0.9256386861313869,0.0,0.0,0.0,0.00041485169052063887,0.9249118440157643,0.0,0.0,0.0,0.0,0.90198563582594,0.0,0.0,0.0,0.0,0.8812912183269698,0.0,0.0,0.0,0.00011477981405670123,0.9998852201859433,0.0,0.0
94,94,2021/10/10,3481,0,0,3240,0,0,4597,1,1,4007,0,0,1607,0,0,1506,0,0,3176,0,0,2779,0,1,2792,0,0,2553,0,0,2273,0,0,2055,0,0,3081,0,0,2833,0,0,2329,0,0,2122,0,0,3079,0,0,2680,0,1,1,1,23775,0,2,23779,0.0,0.0,0.9307670209709854,0.0,0.0,0.00021753317380900588,0.00021753317380900588,0.8716554274526865,0.0,0.0,0.0,0.0,0.9371499688861232,0.0,0.0,0.0,0.0,0.875,0.0,0.00031486146095717883,0.0,0.0,0.9143982808022922,0.0,0.0,0.0,0.0,0.9040915090189178,0.0,0.0,0.0,0.0,0.9195066536838689,0.0,0.0,0.0,0.0,0.9111206526406183,0.0,0.0,0.0,0.0,0.8704124715816823,0.0,0.0003247807729782397,4.20539131166155e-05,4.20539131166155e-05,0.9998317843475335,0.0,8.4107826233231e-05
95,95,2021/10/17,2825,0,1,2535,0,0,5830,0,0,5016,0,0,1133,0,0,1045,0,0,2324,0,0,2073,0,0,4619,0,0,4114,0,0,2835,0,0,2565,0,0,2903,0,0,2631,1,0,3508,0,0,3126,0,0,4772,0,0,4101,0,0,0,1,27206,1,0,27208,0.0,0.00035398230088495576,0.8973451327433628,0.0,0.0,0.0,0.0,0.8603773584905661,0.0,0.0,0.0,0.0,0.9223300970873787,0.0,0.0,0.0,0.0,0.8919965576592083,0.0,0.0,0.0,0.0,0.8906689759688244,0.0,0.0,0.0,0.0,0.9047619047619048,0.0,0.0,0.0,0.0,0.9063038236307268,0.0003444712366517396,0.0,0.0,0.0,0.8911060433295325,0.0,0.0,0.0,0.0,0.8593880972338642,0.0,0.0,0.0,3.675389591296677e-05,0.9999264922081741,3.675389591296677e-05,0.0
96,96,2021/10/24,6059,0,0,5344,0,0,3824,0,0,3237,0,0,752,0,0,696,0,0,3926,0,0,3361,0,0,3122,0,0,2771,1,0,2490,0,0,2219,0,0,3883,0,1,3463,0,0,2478,0,0,2154,1,1,3521,0,0,2898,0,0,0,1,26143,2,1,26147,0.0,0.0,0.8819937283380096,0.0,0.0,0.0,0.0,0.8464958158995816,0.0,0.0,0.0,0.0,0.925531914893617,0.0,0.0,0.0,0.0,0.8560876209882833,0.0,0.0,0.0,0.0,0.887572069186419,0.00032030749519538755,0.0,0.0,0.0,0.8911646586345382,0.0,0.0,0.0,0.0002575328354365182,0.8918362091166624,0.0,0.0,0.0,0.0,0.8692493946731235,0.0004035512510088781,0.0004035512510088781,0.0,0.0,0.8230616302186878,0.0,0.0,0.0,3.824530538876353e-05,0.999847018778445,7.649061077752706e-05,3.824530538876353e-05
97,97,2021/10/31,3453,0,0,2996,1,0,5924,0,1,4872,0,0,1339,0,0,1183,0,0,3886,0,0,3228,0,0,3900,0,0,3332,0,0,2862,0,0,2483,0,1,4379,0,0,3786,0,0,3656,0,0,3161,1,0,4061,0,0,3299,0,0,0,1,28340,2,1,28344,0.0,0.0,0.8676513176947582,0.0002896032435563278,0.0,0.0,0.00016880486158001352,0.8224172856178258,0.0,0.0,0.0,0.0,0.883495145631068,0.0,0.0,0.0,0.0,0.8306742151312404,0.0,0.0,0.0,0.0,0.8543589743589743,0.0,0.0,0.0,0.0,0.8675751222921034,0.0,0.00034940600978336826,0.0,0.0,0.8645809545558346,0.0,0.0,0.0,0.0,0.8646061269146609,0.0002735229759299781,0.0,0.0,0.0,0.8123614873183945,0.0,0.0,0.0,3.528083545018346e-05,0.9998588766581993,7.056167090036692e-05,3.528083545018346e-05
98,98,2021/11/07,4359,0,0,3634,0,0,6125,0,0,4903,0,1,2333,0,0,2049,0,0,3359,0,0,2716,0,0,5264,0,0,4447,0,0,4182,0,0,3563,0,0,4734,0,0,3950,0,0,3823,0,0,3209,0,2,5255,0,0,4046,0,0,0,0,32517,0,3,32520,0.0,0.0,0.8336774489561826,0.0,0.0,0.0,0.0,0.8004897959183673,0.0,0.00016326530612244898,0.0,0.0,0.8782683240462923,0.0,0.0,0.0,0.0,0.808573980351295,0.0,0.0,0.0,0.0,0.8447948328267477,0.0,0.0,0.0,0.0,0.8519846963175514,0.0,0.0,0.0,0.0,0.8343895226024504,0.0,0.0,0.0,0.0,0.8393931467433953,0.0,0.000523149359142035,0.0,0.0,0.7699333967649857,0.0,0.0,0.0,0.0,0.9999077490774908,0.0,9.225092250922509e-05
99,99,2021/11/14,3386,0,0,2790,0,0,8497,0,0,6623,0,0,1583,0,0,1319,0,0,4188,0,0,3322,0,0,4161,0,0,3449,2,0,3131,0,0,2556,1,0,4641,0,0,3783,0,0,3761,0,0,3078,0,0,6601,0,0,4983,0,0,0,0,31903,3,0,31906,0.0,0.0,0.8239810986414648,0.0,0.0,0.0,0.0,0.7794515711427563,0.0,0.0,0.0,0.0,0.8332280480101074,0.0,0.0,0.0,0.0,0.7932187201528176,0.0,0.0,0.0,0.0,0.8288872867099255,0.0004806536890170632,0.0,0.0,0.0,0.8163526030022357,0.00031938677738741617,0.0,0.0,0.0,0.8151260504201681,0.0,0.0,0.0,0.0,0.8183993618718426,0.0,0.0,0.0,0.0,0.7548856233903954,0.0,0.0,0.0,0.0,0.9999059737980317,9.402620196828183e-05,0.0
100,100,2021/11/21,3081,0,0,2462,1,0,10097,0,0,7537,21,1,595,0,0,486,0,0,4803,0,0,3602,2,0,6772,0,0,5420,15,1,4421,0,0,3644,14,0,4853,0,0,3836,5,0,6016,0,0,4718,38,0,2636,0,0,1995,2,0,0,0,33700,98,2,33800,0.0,0.0,0.7990912041544953,0.0003245699448231094,0.0,0.0,0.0,0.7464593443597108,0.0020798256907992472,9.903931860948797e-05,0.0,0.0,0.8168067226890756,0.0,0.0,0.0,0.0,0.7499479491984177,0.00041640641265875496,0.0,0.0,0.0,0.8003544004725339,0.0022150029533372713,0.00014766686355581807,0.0,0.0,0.824247907713187,0.003166704365528161,0.0,0.0,0.0,0.7904389037708633,0.0010302905419328251,0.0,0.0,0.0,0.7842420212765957,0.006316489361702127,0.0,0.0,0.0,0.7568285280728376,0.0007587253414264037,0.0,0.0,0.0,0.9970414201183432,0.0028994082840236688,5.9171597633136094e-05
101,101,2021/11/28,3541,0,0,2649,10,0,11277,0,0,8188,123,3,2400,0,0,1888,2,0,3078,0,0,2215,21,0,7303,0,0,5647,95,0,3631,0,0,2800,75,0,4430,0,0,3376,52,1,7167,0,0,5359,269,1,7454,0,0,5234,26,0,0,0,37356,673,5,38034,0.0,0.0,0.7480937588251906,0.002824060999717594,0.0,0.0,0.0,0.726079631107564,0.010907156158552806,0.00026602819898909286,0.0,0.0,0.7866666666666666,0.0008333333333333334,0.0,0.0,0.0,0.7196231319038336,0.00682261208576998,0.0,0.0,0.0,0.7732438723812132,0.013008352731754073,0.0,0.0,0.0,0.7711374277058661,0.020655466813549985,0.0,0.0,0.0,0.762076749435666,0.011738148984198645,0.0002257336343115124,0.0,0.0,0.747732663597042,0.0375331379935817,0.00013952839402818474,0.0,0.0,0.7021733297558358,0.00348806010195868,0.0,0.0,0.0,0.9821738444549614,0.017694694220960195,0.0001314613240784561
102,102,2021/12/05,3617,0,0,2514,173,0,9916,0,0,6391,1190,6,1548,0,0,1170,16,0,4486,0,0,2870,322,2,6938,0,0,4574,846,4,4594,0,0,3282,309,2,5592,0,0,3635,639,2,7931,0,0,4063,2611,11,5314,0,0,3378,255,2,0,0,31877,6361,29,38267,0.0,0.0,0.6950511473596903,0.047829693115841856,0.0,0.0,0.0,0.6445139169019766,0.1200080677692618,0.0006050826946349334,0.0,0.0,0.7558139534883721,0.0103359173126615,0.0,0.0,0.0,0.6397681676326349,0.07177886758805171,0.00044583147570218456,0.0,0.0,0.6592678005188816,0.1219371576823292,0.0005765350245027386,0.0,0.0,0.7144101001306051,0.0672616456247279,0.00043535045711797995,0.0,0.0,0.650035765379113,0.11427038626609443,0.000357653791130186,0.0,0.0,0.5122935317110074,0.3292144748455428,0.0013869625520110957,0.0,0.0,0.6356793375987956,0.047986450884456154,0.0003763643206624012,0.0,0.0,0.8330153918519874,0.16622677502809208,0.0007578331199205582
103,103,2021/12/12,3350,0,0,1285,1482,3,9855,0,0,2949,5634,10,1373,0,0,887,205,0,3661,0,0,1352,1690,6,7418,0,0,2454,4040,5,5072,0,0,2132,2186,10,5267,0,0,1677,2922,3,13305,0,0,1983,10607,25,4265,0,0,1569,1817,3,0,0,16288,30583,65,46936,0.0,0.0,0.3835820895522388,0.44238805970149253,0.0008955223880597015,0.0,0.0,0.29923896499238967,0.5716894977168949,0.0010147133434804667,0.0,0.0,0.6460305899490167,0.14930808448652585,0.0,0.0,0.0,0.3692980060092871,0.4616225075116088,0.0016388964763725759,0.0,0.0,0.3308169317875438,0.5446211916958749,0.0006740361283364788,0.0,0.0,0.42034700315457413,0.430993690851735,0.001971608832807571,0.0,0.0,0.3183975697740649,0.5547750142396051,0.000569584203531422,0.0,0.0,0.14904171364148816,0.7972190905674559,0.0018789928598271326,0.0,0.0,0.3678780773739742,0.4260257913247362,0.0007033997655334115,0.0,0.0,0.3470257371740242,0.6515893983296404,0.0013848644963354354
104,104,2021/12/19,2652,0,0,400,2033,3,4505,0,0,595,3669,3,648,0,0,243,321,2,3071,0,0,460,2418,3,3521,0,0,503,2819,5,2651,0,0,441,1997,4,4334,0,0,409,3727,3,6590,0,0,462,5948,6,3899,0,0,631,2938,8,0,0,4144,25870,37,30051,0.0,0.0,0.15082956259426847,0.7665912518853696,0.0011312217194570137,0.0,0.0,0.1320754716981132,0.8144284128745838,0.0006659267480577136,0.0,0.0,0.375,0.49537037037037035,0.0030864197530864196,0.0,0.0,0.14978834255942688,0.787365678931944,0.0009768804949527841,0.0,0.0,0.14285714285714285,0.8006248224936098,0.0014200511218403862,0.0,0.0,0.16635231987929083,0.7533006412674462,0.0015088645794039985,0.0,0.0,0.09437009690816797,0.8599446239040147,0.0006922011998154131,0.0,0.0,0.07010622154779969,0.9025796661608497,0.0009104704097116844,0.0,0.0,0.161836368299564,0.7535265452680174,0.0020518081559374197,0.0,0.0,0.13789890519450268,0.8608698545805464,0.0012312402249509168
105,105,2021/12/26,4151,0,0,199,3867,2,5905,0,1,189,5614,6,953,0,0,73,853,2,4979,0,0,129,4790,3,4843,0,0,175,4585,0,3601,0,0,142,3389,3,8932,0,0,256,8539,5,8200,0,0,192,7938,4,3078,0,0,127,2873,3,0,1,1482,42448,28,43959,0.0,0.0,0.04794025536015418,0.9315827511443026,0.000481811611659841,0.0,0.00016934801016088062,0.032006773920406434,0.9507197290431837,0.0010160880609652837,0.0,0.0,0.07660020986358866,0.8950682056663168,0.002098635886673662,0.0,0.0,0.025908817031532437,0.9620405703956618,0.0006025306286402892,0.0,0.0,0.03613462729712988,0.9467272351848028,0.0,0.0,0.0,0.0394334906970286,0.9411274645931685,0.0008331019161344071,0.0,0.0,0.028660994178235557,0.956000895656068,0.0005597850425436632,0.0,0.0,0.023414634146341463,0.9680487804878048,0.0004878048780487805,0.0,0.0,0.04126055880441845,0.9333983105912931,0.0009746588693957114,0.0,2.274847016538138e-05,0.0337132327850952,0.9656270615801087,0.0006369571646306786
106,106,2022/01/02,5390,0,0,67,5281,2,6514,0,2,92,6380,1,2443,0,0,32,2392,0,3867,0,0,43,3804,3,3730,0,0,54,3652,2,3414,0,0,45,3350,0,7653,0,0,93,7514,2,5640,0,0,63,5543,0,3581,0,0,59,3482,1,0,2,548,41398,11,41959,0.0,0.0,0.012430426716141002,0.9797773654916512,0.00037105751391465676,0.0,0.00030703101013202335,0.014123426466073074,0.9794289223211544,0.00015351550506601167,0.0,0.0,0.013098649201801064,0.9791240278346296,0.0,0.0,0.0,0.011119731057667443,0.9837083010085338,0.0007757951900698216,0.0,0.0,0.014477211796246649,0.9790884718498659,0.0005361930294906167,0.0,0.0,0.013181019332161687,0.981253661394259,0.0,0.0,0.0,0.012152097216777734,0.9818371880308375,0.00026133542401672545,0.0,0.0,0.011170212765957447,0.9828014184397164,0.0,0.0,0.0,0.016475844736107234,0.9723540910360234,0.00027925160569673273,0.0,4.766557830262876e-05,0.01306036845492028,0.9866298052861127,0.00026216068066445817
107,107,2022/01/09,333,0,0,0,331,0,871,0,0,6,863,1,122,0,0,1,120,0,152,0,0,0,150,0,705,0,0,10,693,0,432,0,0,2,430,0,301,0,0,1,299,0,1132,0,0,2,1129,0,298,0,0,1,296,0,0,0,23,4311,1,4335,0.0,0.0,0.0,0.993993993993994,0.0,0.0,0.0,0.006888633754305396,0.9908151549942594,0.001148105625717566,0.0,0.0,0.00819672131147541,0.9836065573770492,0.0,0.0,0.0,0.0,0.9868421052631579,0.0,0.0,0.0,0.014184397163120567,0.9829787234042553,0.0,0.0,0.0,0.004629629629629629,0.9953703703703703,0.0,0.0,0.0,0.0033222591362126247,0.9933554817275747,0.0,0.0,0.0,0.0017667844522968198,0.9973498233215548,0.0,0.0,0.0,0.003355704697986577,0.9932885906040269,0.0,0.0,0.0,0.00530565167243368,0.9944636678200692,0.0002306805074971165
