992.566,998.621,1004.24,1005.76,999.874,987.14,1008.68,1001.17,995.161
982.71,1003.96,1013.6,999.914,1013.21,997.451,1015.24,1019.54,999.045
978.451,1010.4,1008.06,984.875,1015.83,996.588,1025.47,1021.24,1000.13
987.427,1007.8,1006.77,992.7,1012.77,999.162,1021.56,1018.63,1006.47
982.248,1011.99,1000.18,996.869,1011.63,1014.42,1023.01,1036.1,1010.06
972.383,1016.19,1012.94,999.516,1007.13,1016.39,1024.8,1031.75,1002.15
967.025,1035.15,1020.28,994.667,1006.11,1017.61,1028.67,1029.06,1006.35
968.674,1033.58,1022.66,1000.83,1007,1028.83,1028.04,1031.21,1005.55
966.393,1035.89,1020.33,992.454,1015.14,1033.29,1022.02,1031.2,998.338
962.869,1034.77,1016.56,1000.43,1015.57,1039.2,1023.93,1039.8,1001.96
970.945,1036.23,1014.59,1022.82,1015.01,1044.98,1032.96,1055.43,1013.98
974.248,1042.43,1015.57,1027.55,1020.24,1051.38,1046.51,1057.18,1015.32
981.573,1043.41,1020.99,1027.3,1029.51,1060.04,1054.85,1065.57,1021.2
982.851,1057.15,1023.64,1041.32,1024.83,1069.48,1060.09,1074.04,1029.71
977.273,1054.33,1017.4,1047.64,1023.24,1089.05,1065.9,1083.09,1019.65
978.021,1067.42,1030.26,1056.3,1025.48,1092.45,1063.88,1096.76,1013.77
981.842,1067.64,1035.08,1052.57,1016.23,1093.3,1070.15,1102.96,1014.67
984.671,1073.77,1047.49,1061.89,1021.77,1097.33,1082.63,1099.62,1020.82
985.964,1084.38,1053.43,1064.04,1015.62,1105.63,1084.82,1104.72,1023.03
980.132,1094.73,1059.68,1066.57,1009.06,1108.24,1091.79,1112.62,1023.02
968.613,1098.96,1057.47,1077.38,1017.37,1109.7,1105.65,1117.99,1020.96
982.576,1095.62,1062.37,1065.09,1018.2,1124.36,1124.31,1133.42,1018.57
977.65,1110.05,1073.29,1076.03,1028.57,1144.41,1135.26,1138.19,1021.09
980.77,1109.78,1089.85,1082.46,1033.17,1137.46,1140.65,1140.99,1032.81
983.645,1107.17,1094.22,1077.42,1034.94,1133.63,1139.38,1150.44,1030.79
980.569,1119.67,1094.36,1090.95,1032.03,1152.97,1143.97,1163.73,1035.37
978.141,1131.79,1098.13,1090.57,1030.96,1153.09,1147.01,1165.03,1031.02
969.565,1122.38,1103.3,1090.77,1043.89,1154.83,1159.25,1164.11,1044.31
967.883,1137.65,1102.5,1093.95,1049.01,1163.41,1175.62,1167.79,1039.61
963.808,1143.11,1110.28,1119.61,1045.19,1167.49,1175.96,1185.72,1034.17
968.357,1137.36,1111.12,1134.61,1041.14,1164.16,1175.3,1174.83,1020.89
965.316,1119.19,1122.42,1142.7,1039.37,1165.2,1173.34,1168.47,1020.36
966.57,1117.64,1125.68,1146.48,1047.76,1164.29,1179.97,1181.67,1019.75
955.105,1115.22,1131.6,1143.69,1047.51,1172.71,1182.2,1187.32,1024.93
952.512,1119.9,1128.16,1158.42,1052.39,1169.32,1193.42,1197.25,1029.01
954.303,1121.55,1132.8,1164.05,1045,1169.75,1203.85,1202.34,1041.06
947.73,1114.16,1147.82,1178.43,1044.82,1173.49,1208.58,1204.5,1048.94
955.383,1106.3,1146.92,1166.96,1042.53,1172.96,1218.49,1220.08,1072.64
966.161,1119.26,1150.29,1165.72,1028.45,1180.27,1228.46,1217.43,1085.65
972.526,1117.6,1147.53,1171.91,1032.44,1179.88,1225.11,1220.23,1090.84
962.381,1108.77,1136.89,1175.66,1028.94,1198.29,1235.69,1228.49,1094.91
972.296,1114.27,1129.93,1182.97,1040.47,1201.5,1247.61,1233.96,1100.58
988.991,1124.63,1144.47,1205.62,1044.51,1198.04,1247.93,1236.33,1097.01
978.596,1136.47,1151.44,1210.31,1045.83,1196.05,1243.35,1251.28,1110.22
978.623,1149.13,1155.84,1221.94,1054.74,1194.83,1244.07,1243.87,1095.27
974.182,1160.21,1178.86,1229.17,1056.21,1198.3,1252.18,1261.18,1097.61
958.495,1151.28,1181.8,1228.64,1069.62,1204.46,1245.8,1262.18,1105.15
957.783,1152.31,1193.31,1237.32,1063.68,1206.88,1235.64,1252.43,1104.75
964.848,1159.83,1203.31,1239.49,1068.8,1222.58,1255.45,1271.97,1114.69
947.264,1150.52,1213.29,1237.07,1050.42,1227.65,1250.63,1291.75,1112.4
946.222,1170.77,1222.59,1242.62,1067.91,1227.48,1264.32,1298.96,1120.02
941.387,1179.22,1225.87,1259.91,1077.55,1213.65,1258.67,1301.28,1113.08
949.502,1177.84,1226.53,1264.26,1079.22,1220.17,1266.71,1314.72,1125.84
952.561,1182.73,1222.75,1272.96,1093.15,1228.45,1261.65,1311.15,1122.97
950.336,1189.41,1224.6,1277.23,1102.25,1221.13,1272.56,1312.72,1142.49
953.768,1197.23,1220.16,1277.26,1093.4,1225.93,1271.45,1324.98,1137.68
941.172,1208.06,1206.9,1285.43,1105.37,1226.7,1288.03,1332.97,1159.51
931.884,1217.64,1211.71,1289.45,1115.01,1220.15,1290.67,1329.73,1161.12
927.828,1229.53,1216.22,1299.4,1122.68,1221.81,1303.96,1327.27,1167.83
923.352,1227,1229.34,1295.95,1130.45,1223.68,1311.5,1327.52,1150.8
917.691,1223.01,1230.16,1308.85,1142.28,1227.37,1309.6,1332.88,1166.73
911.911,1200.19,1245.76,1303.87,1150.56,1228.5,1315.34,1329.41,1167.76
913.248,1206.14,1249.74,1296.4,1160.62,1241,1301.59,1331.35,1165.65
903.476,1200.71,1255.74,1290.62,1173.78,1238.95,1311.59,1333.61,1183.4
890.908,1207.21,1254.08,1293.62,1184.01,1222.69,1320.63,1339.87,1185.97
903.956,1216.82,1251.91,1291.74,1179.26,1229.13,1328.71,1348.21,1183.19
894.504,1239.13,1258.51,1292.06,1199.79,1224.06,1343.31,1342.44,1196.89
890.618,1235.36,1263.69,1287.39,1185.97,1207.97,1346.43,1330.43,1188.45
888.747,1240.11,1265.53,1283.02,1175.56,1198.53,1364.5,1330.03,1183.93
883.143,1264.15,1271.68,1278.93,1169.72,1198.08,1350.71,1333.07,1176.1
888.299,1258.36,1288.53,1280.53,1181.43,1206.29,1351.95,1341.9,1178.75
885.907,1259.54,1297.75,1275.07,1185.61,1199.88,1374.81,1318.27,1180.05
883.099,1254.73,1314.89,1280.51,1187.97,1206.72,1380.38,1315.79,1173.22
875.377,1258.21,1319,1284.11,1185.43,1200.9,1394.82,1318.94,1158.07
873.827,1275.22,1308.95,1264.83,1207.18,1207.5,1400.79,1321.25,1149.44
883.252,1274.28,1324.28,1259.2,1209.26,1199.01,1399.48,1338.63,1169.68
883.079,1282.07,1329.13,1259.1,1218.08,1198.91,1411.91,1346.07,1168.63
892.227,1286.96,1310.62,1253.3,1214.45,1202.44,1428.58,1353.85,1168.41
907.383,1297.02,1296.17,1266.6,1239.99,1194.09,1432.33,1363.68,1159.08
902.07,1299.8,1298.08,1264.99,1239.3,1201.54,1452.14,1373.65,1166.41
899.952,1305.49,1291.77,1267.32,1248.65,1208,1460.48,1367.24,1170.17
890.353,1308.8,1304.61,1260.93,1240.27,1201.09,1459.9,1368.94,1182.12
897.655,1310.56,1313.76,1269.11,1250.16,1193.12,1461.96,1380.04,1180.11
907.679,1334.18,1312.22,1265.4,1244.71,1194.56,1434.85,1389.4,1171.07
915.438,1340.42,1317.68,1268.65,1242.62,1213.4,1429.74,1384.83,1152.8
912.855,1342.46,1324.02,1262.61,1229.98,1217.45,1425.85,1380.88,1153.33
907.568,1345.63,1322.48,1274.95,1223.46,1220.01,1432.61,1371.64,1152.12
918.761,1348.51,1336.5,1275.62,1235.48,1214.9,1428.07,1394.62,1154.43
925.795,1333.87,1345.8,1287.97,1227.63,1230.31,1459.14,1390.77,1166.84
930.063,1317.31,1365.75,1290.04,1242.49,1243.62,1466.2,1411.19,1177
928.374,1316.72,1365.12,1294.43,1249.86,1249.09,1468.31,1411.58,1179.36
933.817,1318.88,1378.09,1279.62,1252.94,1250.46,1481.11,1402.05,1160.93
936.266,1334.9,1385.55,1295.12,1266.25,1244.06,1493.89,1411.23,1145.2
941.277,1330.09,1401.81,1291.85,1281.08,1250.4,1510.68,1402.29,1160.58
935.924,1331.75,1403.6,1301.68,1289.08,1250.63,1505.19,1411.5,1170.06
926.665,1337.8,1409.27,1309.46,1270.58,1243.71,1515.28,1402.02,1165.16
928.739,1337.12,1414.68,1332.71,1271.3,1268.35,1514.02,1410.07,1161.49
926.698,1351.07,1404.17,1336.6,1273.18,1292.34,1512.38,1399,1166.39
923.179,1346.14,1414,1321.2,1279.19,1313.75,1521.37,1414.12,1169.07
921.515,1355.95,1412.8,1327.07,1281.55,1332.65,1529.53,1428.13,1158.27
926.164,1344.74,1408.98,1328.57,1299.61,1331.84,1528.18,1448.95,1151.65
924.675,1343.41,1415.4,1347.63,1318.08,1351.31,1528.66,1437.62,1141.27
920.909,1347.3,1405.2,1355.6,1330.56,1341.8,1535.05,1442.25,1138.29
925.621,1362.43,1418.71,1348.69,1338.05,1365.09,1528.72,1426.55,1140.13
926.816,1358.91,1422.81,1355.98,1332.55,1370.2,1521.44,1443.33,1152.48
925.164,1367.13,1420.94,1362.19,1342.12,1366.45,1541.67,1458.95,1139.18
926.576,1377.88,1412.93,1343.29,1328.76,1379.62,1559.09,1470.32,1147.81
923.709,1407.25,1418.95,1351,1323.78,1370.03,1566.48,1480.55,1155.56
921.482,1406.83,1416.74,1352.87,1329.23,1377.35,1572.23,1475.83,1158.62
923.31,1407.42,1414.04,1335.72,1337.46,1382.35,1567.86,1480.84,1151.64
925.701,1419.78,1429.01,1327.56,1332.98,1379.52,1594.96,1480.22,1147.16
917.041,1424.02,1439.02,1327.13,1337.59,1384.7,1588.65,1495.22,1147.18
916.508,1430.68,1446,1329.65,1338.81,1395.82,1585.66,1494.24,1140.32
915.41,1439.67,1459.3,1320.96,1336.37,1402.85,1592.08,1502.34,1143.07
924.364,1431.58,1481.29,1318.17,1347.42,1400.32,1602.18,1521.34,1153.61
934.773,1435.07,1462.82,1321.28,1348.37,1399.09,1607.47,1531.43,1161.11
936.395,1435.02,1479.04,1325.77,1352.73,1414.17,1617.78,1519.28,1166.34
928.729,1434.28,1476.3,1336.12,1352.76,1431.05,1618.49,1508.77,1177.27
931.902,1436.64,1470.05,1334.44,1363.17,1457.9,1620.5,1518.38,1177.17
924.797,1452.09,1496.88,1335.35,1372.74,1447.94,1633.06,1516.93,1181.26
919.912,1451.9,1515.44,1339.27,1389.26,1448.09,1633.68,1535.34,1181.61
925.364,1453.95,1500.77,1337.95,1392.17,1457.45,1637.69,1526.12,1184.51
921.906,1447.31,1519.25,1342.58,1384.75,1452.59,1650.22,1525.25,1180
919.528,1473.24,1528.35,1337.17,1388.92,1466.68,1644.81,1531.27,1183.66
913.788,1484.49,1533.92,1325.5,1398.64,1460.34,1643.44,1542.48,1199.44
903.116,1484.4,1538.69,1334.95,1386.22,1477.07,1649.51,1561.88,1199.8
882.916,1485.2,1539.04,1332.36,1390.4,1481.83,1650.16,1559.28,1198.11
890.793,1501.16,1539.13,1347.53,1392.09,1487.48,1665.24,1562.15,1204.28
893.495,1504.05,1543.1,1335.13,1387.88,1495.78,1666.46,1551.05,1215.26
900.456,1527.7,1543.6,1338.47,1392.39,1498.92,1676.54,1550.26,1220.23
898.735,1525.97,1550,1345.96,1402.42,1505.17,1688.54,1555.96,1218.8
890.784,1532.02,1540.18,1344.19,1404.95,1530.2,1685.51,1561.21,1214.75
884.347,1538.73,1545.41,1333.64,1408.24,1550.95,1690.69,1561.65,1215.01
883.549,1559.57,1540.39,1337.9,1412.34,1553.66,1681.09,1571.25,1211.2
876.542,1575.23,1562.64,1349.7,1429.63,1559.48,1707.46,1575.41,1207.3
884.253,1578.25,1565.85,1354.96,1425.9,1560.74,1718.64,1560.42,1192.92
887.572,1550.26,1566.96,1355.14,1418.87,1566.45,1727.94,1559.49,1184.03
872.975,1543.21,1582.44,1343.31,1437.63,1574.67,1743.59,1573.79,1180.75
877.641,1533.02,1575.78,1353.68,1453.12,1581.53,1733.6,1584.99,1196.61
880.296,1508.16,1577.41,1364.62,1437.2,1580.79,1743.56,1588.02,1201.07
867.719,1508.11,1560.61,1375.35,1438.97,1581.62,1751.99,1601.78,1198.02
870.195,1541.74,1564.55,1384.65,1454.51,1581.22,1766.35,1623.56,1202.17
856.527,1551.6,1561.6,1379.08,1459.6,1589.26,1751.9,1633.33,1205.03
869.527,1564.54,1561.24,1376.42,1452.11,1583.64,1764.63,1630.05,1210.15
864.972,1560.12,1570.31,1404.48,1439.65,1579.53,1777.7,1614.48,1198.29
862.746,1563.8,1582.14,1420.33,1452.5,1577.94,1796.97,1616.09,1190.91
863.857,1557.15,1569.7,1436.43,1449.3,1573.51,1812.68,1632.93,1192.52
870.032,1541.44,1579.22,1431.45,1455.9,1568.67,1833.67,1639.18,1193.8
879.868,1535.85,1564.47,1444.67,1452.62,1578.15,1837.87,1633.05,1202.87
877.066,1544.66,1577.26,1439.16,1434.03,1576.9,1830.57,1627.82,1217.64
872.525,1549.5,1604.37,1442.26,1440.78,1581.66,1841.14,1629.77,1212.86
868.528,1538.23,1618.21,1425.41,1429.96,1586.19,1847.8,1613.01,1207.59
859.356,1550.11,1609.66,1433.77,1444.09,1584.37,1838.86,1625.16,1208.9
861.633,1566.04,1613.89,1434.16,1459.11,1583.79,1846.06,1626.25,1204.01
858.219,1566.38,1633.43,1414.67,1471.38,1583.75,1831.87,1638.93,1199.57
863.371,1591.33,1630.54,1418.34,1469.69,1581.71,1840.51,1643.69,1208.88
849.76,1610.14,1640.86,1413.31,1468.52,1596.35,1826.93,1641.98,1207.67
861.445,1593.9,1633.38,1427.05,1469.91,1599.74,1844.69,1638.3,1208.74
864.35,1581.25,1637.39,1418.94,1486.19,1615.73,1854.37,1647.9,1204.01
867.259,1583.11,1629.31,1433.09,1493.25,1604.28,1857.52,1647.96,1217.09
859.206,1587.9,1639.57,1436.78,1497.94,1607.07,1857.37,1629.53,1236.46
849.62,1555.94,1630.49,1449.46,1491.98,1643.55,1874,1639.93,1250.86
847.661,1561.09,1613.14,1448.65,1470.72,1655.01,1881.72,1637.14,1235.13
857.268,1559.44,1613.42,1452.62,1481.22,1673.11,1881.15,1664.38,1252.92
857.155,1565.12,1619.95,1444.57,1467.42,1679.61,1870.64,1660.15,1249.46
859.965,1584.47,1611.24,1444.63,1469.18,1677.55,1873.47,1648.86,1245.38
858.991,1602.4,1619.14,1447.43,1466.99,1684.87,1868.69,1656.93,1251.22
861.475,1620.79,1640.15,1461.61,1480.2,1682.14,1860.66,1674.59,1264.52
861.393,1633.83,1635.02,1467.4,1474.55,1672.23,1865.71,1691.51,1261.49
854.712,1633.85,1640.09,1472.62,1490.34,1675.71,1864.29,1696.84,1264.63
852.409,1633.84,1630.04,1483.64,1488.28,1687.89,1874.86,1713.98,1237.83
851.909,1641.04,1616,1474.48,1493.99,1698,1886.14,1717.42,1241.17
854.361,1644.31,1622.41,1496.88,1500.28,1696.98,1868.35,1724.41,1255.85
861.158,1646.56,1625.84,1496.49,1503.51,1730.48,1886,1715.13,1255.7
865.458,1654.84,1643.76,1505.96,1505.92,1739.25,1898.12,1717.2,1262.52
860.577,1666.76,1637.22,1512.63,1504.06,1761.15,1892.33,1716.22,1268.33
860.57,1645.26,1657.32,1505.9,1508.57,1773.07,1903.62,1716.9,1274.9
862.317,1650.02,1656.35,1495.32,1507.86,1768.06,1919.64,1722.49,1274.54
869.793,1643.38,1657.96,1489.76,1513.47,1752.02,1922.52,1709.91,1272.54
860.634,1642.27,1660.03,1494.43,1522.1,1750.72,1903.53,1718.3,1263.24
864.001,1643.48,1644.24,1490.08,1531.8,1772.44,1908.93,1705.64,1269.25
864.423,1658.37,1645.19,1503.26,1543.91,1767.04,1911.03,1714.4,1283.46
856.058,1687.85,1631.89,1505.02,1545.58,1767.73,1920.09,1717.98,1270.1
857.673,1705.15,1631.85,1488.08,1562.5,1777.08,1909.69,1734.12,1267.88
849.903,1707.16,1630.13,1489.15,1554.22,1775.64,1906.34,1747.47,1275.82
850.06,1703.52,1632.75,1513.13,1565.02,1776.88,1908.25,1748.81,1286.98
846.289,1737.41,1642.89,1503.06,1576.39,1767.33,1911.6,1762.64,1291.34
856.869,1753.79,1671.2,1503.11,1579.19,1777.64,1940.48,1769.34,1293.71
859.015,1788.74,1689.09,1506.26,1584.34,1783.69,1948.89,1780.42,1297.45
859.24,1787.66,1690.5,1514.48,1579.75,1769.78,1943.06,1778.39,1307.63
862.586,1803.28,1676.06,1538.59,1579.68,1791.74,1961.37,1775.9,1298.99
865.541,1805.07,1676.81,1549.94,1580.45,1786.37,1971.05,1773.87,1286.27
859.124,1803.86,1675.03,1561.29,1572.22,1806.38,1991.71,1777.55,1276.69
860.491,1811.39,1664.35,1565.68,1575.76,1802.06,1996.77,1773.83,1281.15
864.787,1840.57,1658.26,1577.39,1591.28,1805.61,1981.57,1778.52,1290.11
868.094,1847.96,1684.42,1581.81,1591.86,1803.87,1983.91,1787.16,1302.79
867.372,1858.78,1681.04,1572.41,1599.59,1814.11,1998.73,1795.71,1287.66
854.81,1876.57,1660.08,1561.25,1613.61,1793.58,1977.28,1821.43,1286.07
856.522,1879.43,1661.3,1554.94,1624.99,1812.97,1970.62,1812.34,1280.23
851.888,1865.18,1676.44,1544.98,1630.58,1800.39,1961.62,1818.61,1293.89
864.31,1888.39,1690.81,1546.69,1611.46,1815.01,1948.94,1828.23,1292.56
858.035,1894.22,1697.63,1557.23,1611.38,1822.16,1957.59,1821.32,1293.49
855.311,1898.34,1704.12,1571.2,1612.05,1847.95,1954.88,1824.93,1280.71
864.038,1882.18,1721.3,1605.19,1621.63,1839.33,1947.15,1806.04,1278.47
862.249,1894.12,1731.24,1600.9,1633.77,1864.12,1959.1,1791.92,1264.59
858.883,1902.85,1710.79,1607.14,1642.21,1836.08,1973.73,1803.83,1264.35
861.567,1913.08,1724.51,1615.97,1660.58,1834.25,1963.11,1785.15,1269.7
851.688,1921.62,1743.82,1631.74,1666.48,1814.94,1980.4,1784.04,1267.46
855.85,1921.28,1750.09,1629.34,1652.88,1831.03,1982.15,1778.41,1264.83
861.977,1919.41,1753.21,1620.27,1648.19,1828.59,1988.94,1787.79,1258.75
860.495,1953.72,1738.75,1622.8,1645.21,1826.31,1990.79,1791.03,1251.59
866.22,1963.55,1760.94,1624.4,1634.12,1839.42,2002.23,1805.31,1253.56
866.085,1972.29,1761.73,1620.72,1640.11,1840.5,2000.17,1819.8,1253.01
862.706,1976.51,1749.16,1628.18,1651.25,1864.47,1999.01,1818.91,1251.41
859.198,1992.53,1751.17,1630.54,1659.64,1858.2,2003.43,1823.98,1273.42
852.954,2013.33,1762.44,1641.37,1661.34,1865.96,1995.22,1835.81,1265.11
860.585,2015.65,1768.25,1650.49,1665.64,1847.87,2002.3,1884.96,1265
860.86,2028.36,1776.16,1641.21,1664.85,1841.6,1993.14,1896.43,1266.65
857.235,1991.67,1779.04,1655.53,1676.85,1857.81,1979.74,1905.29,1248.41
870.308,2020.92,1766.56,1654.79,1685.99,1820.59,1995.22,1911.44,1238.97
871.698,2031.32,1768.14,1640.52,1684.89,1829.61,2011.46,1934.49,1250.39
865.742,2038.69,1773.15,1644.09,1690.58,1847.08,2007.53,1947.62,1244.48
856.679,2048.33,1765.57,1633.17,1693.67,1854.19,1999.31,1929.87,1238.15
843.697,2033.42,1786.11,1644.51,1695.42,1880.23,2018.04,1904.42,1229.55
831.839,2051.62,1770.23,1647.81,1700.69,1884.68,2010.6,1920.58,1238.25
838.999,2032.1,1766.16,1660.24,1703.81,1879.18,2001,1920.39,1238.76
842.552,2045.08,1790.79,1665.25,1698.9,1885.54,1993.09,1915.97,1221.25
835.926,2051.89,1786.23,1652.52,1720.31,1888.47,2008.64,1917.99,1236.45
831.314,2062.88,1812.72,1670.23,1720.24,1883.72,1987.29,1911.07,1232.31
825.417,2060.17,1803.13,1674.24,1734.78,1872.41,1980.28,1919,1226.84
826.932,2052.78,1815.03,1655.09,1728.61,1868.7,1964.28,1921.31,1231.81
821.022,2054.28,1808.61,1669.14,1718.31,1873.69,1975.85,1916.66,1231.52
814.288,2060.37,1810.32,1655.26,1737.5,1875.33,1985.51,1940.53,1232.63
815.479,2054.17,1794.85,1647.09,1727.35,1862.16,1995.7,1940.1,1249.06
820.92,2028.26,1801.25,1641.43,1720.12,1860.07,1993.5,1934.28,1264.77
820.162,2012.81,1809.32,1641.42,1735.36,1862.01,2005.81,1944.87,1255.36
829.82,2038.18,1813.31,1662.84,1739.7,1869.57,2016.14,1945.7,1256.39
831.833,2051.98,1831.76,1665.81,1734.26,1905.18,1998.27,1942.66,1249.42
836.023,2066.98,1829.76,1653.55,1740.91,1910.71,1992.16,1958.86,1244.22
834.601,2054.35,1839,1645.97,1712.08,1921,1985.71,1962.2,1242.69
843.773,2062.62,1837.29,1642.83,1732.35,1916.2,1984.21,1948.95,1233.68
835.889,2058.43,1837.2,1653.3,1715.56,1939.05,1992.49,1958.45,1246.41
837.243,2080.72,1846.77,1653.12,1715.72,1935.3,1976.42,1962.96,1250.3
839.265,2080.02,1833.85,1650.91,1715.57,1938.96,1975.81,1946.25,1253.38
850.115,2059.72,1836.53,1638,1720.22,1946.97,1971.9,1955.11,1255.09
848.85,2058.62,1847.44,1626.69,1721.56,1955.88,1979.22,1957.37,1253.27
861.38,2069.59,1863.21,1616.89,1725.4,1962.54,1996.92,1952.46,1257.88
860.127,2060.41,1854.84,1625.88,1736.66,1964.91,1995.45,1958.32,1253.55
864.85,2065.98,1849.59,1616.3,1732.45,1964.83,2002.66,1957.01,1255.89
861.86,2063.67,1844.68,1624.61,1742.94,1983.6,2003.78,1983.46,1254.9
859.951,2056.4,1839.79,1633.41,1760.1,2004.04,1992.14,1973.89,1258.67
853.965,2054.21,1823.8,1623.79,1739.89,2021.24,2014.49,1964.43,1263.36
846.168,2059.48,1840.52,1625.72,1736.29,2034.55,2029.78,1938.24,1272.73
835.287,2026.21,1829.16,1615.92,1744.17,2043.57,2031.91,1941.62,1289.65
840.728,2016.62,1840.81,1624.62,1750.5,2031.34,2005.89,1937.73,1285.31
844.53,2037.87,1849.06,1623.75,1747.84,2033.06,2005.84,1943.16,1287.94
838.09,2036.27,1849.12,1622.24,1744.86,2060.91,2022.27,1940.65,1287.01
843.685,2060.48,1846.47,1632.45,1763.24,2046.32,2036.21,1925.54,1298.35
848.475,2058,1879.38,1638.02,1762.49,2053.75,2030.15,1911.51,1289.92
847.884,2053.62,1895.21,1642.47,1765.15,2045.94,2050.82,1917.58,1292.58
843.711,2017.02,1891.65,1648.8,1773.75,2062.22,2047.92,1907.89,1286.73
838.801,2051.45,1884.29,1661.8,1791.17,2053.8,2021.07,1915.57,1281.8
849.458,2066.19,1910.39,1657.31,1797.13,2069.38,2021.17,1905.84,1286.23
838.68,2054.36,1899.81,1651.56,1804.66,2089.05,2021.5,1897.13,1289.93
834.11,2063.13,1891.67,1641.18,1814.88,2069.98,2034.96,1916.67,1283.06
842.158,2039.1,1896.31,1626.9,1828.03,2064.67,2018.62,1914.47,1266.59
842.276,2047.17,1884.44,1644.49,1825.13,2069.71,2036.27,1905.69,1269.31
833.323,2049.48,1891.59,1634.49,1826.07,2073.81,2031.66,1924.69,1253.12
833.015,2044.43,1899.6,1651.38,1840.8,2100.82,2042.87,1935.5,1250.97
851.196,2082.15,1902.22,1641.72,1832.48,2112.16,2056.08,1926.68,1247.81
851.091,2110.31,1920.09,1635.91,1845.51,2145.27,2024.82,1949.69,1252.29
844.975,2094.65,1915.12,1637.71,1843.34,2138.05,2035.54,1957.87,1265.35
846.29,2111.64,1917.8,1643.43,1824.31,2151.35,2038.11,1960.02,1251.08
848.393,2105.31,1897.24,1641.7,1814.58,2153.23,2049.86,1944.01,1239.31
853.28,2122.3,1908.8,1628.68,1824.43,2169.57,2065.56,1932.34,1231.52
852.759,2141.98,1919.05,1602.79,1832.31,2180.9,2091.83,1929.62,1236.87
869.646,2174.45,1918.82,1604.46,1835.66,2183.12,2090.26,1927.29,1234.1
876.138,2169.34,1946.83,1623.51,1830.88,2146.11,2108.43,1943.18,1235.99
877.779,2171.88,1951.66,1616.55,1817.33,2148.17,2130.24,1937.44,1234.37
886.579,2163.97,1980.66,1629.87,1807.86,2170.48,2114.83,1961.78,1236.82
887.801,2191.03,1990.58,1638.87,1825.46,2170.18,2105.05,1956.14,1241.27
894.958,2183.61,2001.9,1644.46,1827.43,2160.74,2088.07,1941.55,1239.38
891.169,2188.05,2023.11,1626.91,1829.03,2149.4,2090.24,1935.84,1244.91
891.216,2185.14,1998.75,1648.68,1841.37,2139.97,2107.68,1937.36,1242.68
887.698,2185.49,2001.98,1646.23,1845.16,2143.45,2113.5,1945.49,1245.38
879.773,2207.26,2014.18,1641.44,1852.92,2169.03,2116.46,1950.78,1249.98
881.295,2204.47,2012.58,1639.87,1840.76,2174.4,2097.31,1966.87,1271.17
879.361,2190.14,2009.44,1648.49,1867.26,2198.27,2111.2,1986.8,1268.31
884.154,2185.97,1996.28,1653.28,1893.41,2195.75,2106,1997.29,1280.48
882.774,2183.6,2011.54,1667.71,1895.81,2190.29,2099.91,1990.04,1289.61
877.747,2153.18,1976.91,1640.34,1884.44,2202.37,2108.86,2001.36,1272.97
881.436,2159.08,1967.95,1636.98,1880.13,2197.63,2117.96,2009.77,1272.5
883.211,2153.58,1963.87,1638.11,1893.3,2202.83,2128.33,2016.36,1272.81
885.141,2147.23,1965.24,1642.7,1868.38,2228.92,2137.67,2023.23,1275.74
887.22,2148.14,1962.79,1638.45,1860.03,2245.23,2127.35,2024.14,1265.63
883.389,2144.44,1969.76,1643.5,1849.02,2253.34,2126.1,2025.38,1272.35
880.477,2147.33,1963.43,1654.23,1828.59,2264.15,2102.34,2052.95,1261.74
884.323,2140.21,1977.29,1660.84,1804.45,2239.79,2097.09,2068.97,1268.73
871.894,2130.57,1974.69,1663,1832.55,2262.19,2090.92,2048.49,1264.87
872.933,2160.51,1968.1,1663.51,1837.96,2266.81,2082.27,2059.54,1263.51
861.464,2202.69,1973.07,1667.75,1841.09,2256.31,2101.67,2043.32,1263.86
862.002,2205.37,1981.5,1682.95,1854.61,2274.55,2115.27,2038.55,1274.25
861.007,2209.7,1995.59,1688.83,1856.3,2269.51,2117.06,2033.11,1283.9
856.107,2203.68,1998.13,1702.19,1846.89,2265.25,2103.67,2021.17,1281.1
858.147,2187.66,2013.43,1706.4,1825.56,2292.94,2105.25,2030.35,1281.81
856.253,2197.6,1998.5,1669.89,1831.97,2275.69,2099.91,2028.8,1275.94
853.563,2193.12,2002.34,1684.74,1837.46,2285.62,2093.84,2027.5,1278.55
847.721,2192.72,2004.46,1687.85,1857.56,2319.09,2106.37,2026.56,1279.21
849.847,2223.25,2003.97,1696.5,1877.78,2314.3,2082.58,2042.04,1281.55
848.735,2238.49,2023.61,1707.29,1891.77,2293.6,2074.27,2060.98,1271.61
848.599,2257.4,2029.28,1719.81,1882.19,2294.58,2087.23,2042.89,1290.56
846.624,2263.28,2026.63,1715.48,1886.92,2284.47,2102.8,2049.82,1287.42
842.701,2278.1,2018.55,1710.05,1896.51,2262.86,2096.98,2068.06,1275.08
852.101,2272.68,2035.8,1706.33,1903.15,2274.26,2089.34,2082.04,1257.8
861.61,2260.11,2013.97,1718.51,1913.06,2269.71,2101.21,2075.32,1269.71
868.54,2254.36,2010.69,1715.74,1918.91,2282.84,2110.38,2078.74,1258.32
865.03,2253.98,2014.54,1713.02,1901.65,2282.45,2122.07,2094.64,1270.58
871.311,2258.64,2051.93,1711.42,1916.93,2247.64,2120.88,2069.1,1272.96
873.747,2248.41,2058.8,1715.86,1919.84,2265.5,2127.25,2065.45,1257.14
881.459,2291.64,2069.88,1725.24,1921.75,2256.91,2131.49,2091.33,1258.82
878.03,2279.6,2051.64,1718.1,1919.72,2245.38,2141.51,2086.18,1262.08
878.56,2295.08,2066.02,1738.03,1919.55,2233.02,2126.05,2077.02,1269.27
885.344,2312.77,2064.37,1715.49,1918.19,2243.61,2142.32,2088.7,1275.08
878.657,2309.38,2038.82,1714.52,1944.04,2247.18,2144.25,2101.93,1261.5
880.346,2326.31,2031.5,1727.23,1932.02,2240.79,2137.17,2113,1250.95
891.224,2323.62,2037.88,1724.75,1909.94,2258.56,2127.24,2103.88,1252.92
897.237,2319.76,2053.64,1748.44,1915.03,2268.89,2139.77,2126.55,1250.7
899.129,2329.63,2053.16,1756.39,1935.8,2277.91,2167.64,2150.96,1247.63
891.095,2311.2,2060.54,1769.69,1932.58,2278.72,2190.01,2157.14,1237.48
892.188,2314.79,2049.67,1766.03,1950.29,2271.16,2226.69,2154.89,1254.29
882.671,2317.9,2051.5,1776.9,1948.6,2290.26,2227.14,2144,1260.8
882.065,2290.04,2074.15,1766.06,1946.84,2290.31,2255.02,2147.78,1265.07
873.876,2293.5,2071.03,1749.09,1967.8,2289.62,2255.01,2139.44,1275.2
875.401,2286.31,2064.78,1738.66,1974.16,2290.32,2266.41,2140.9,1269.32
861.269,2286.29,2055.02,1750.52,1972.51,2286.92,2236.41,2131.51,1267.68
862.494,2286.19,2047.01,1745.67,1967.76,2303.35,2240.21,2132.01,1261.86
861.995,2293.91,2028.46,1745.21,1961.12,2285.34,2230.48,2113.02,1241.91
850.029,2285.91,2009.61,1720.78,1953.54,2268.8,2271.13,2121.55,1234.37
848.498,2285.68,1998.79,1732.83,1939.76,2278.7,2273.16,2124.41,1230.89
840.954,2265.63,1990,1736.27,1931.63,2281.03,2263.82,2111.86,1234.92
836.399,2263.76,1993.43,1733.88,1934.13,2279.63,2258.67,2120.87,1227.19
840.838,2254.17,2001.34,1730.14,1945.92,2275.77,2256.34,2132.12,1220.97
854.734,2254.25,2027.94,1737.87,1943.28,2279.19,2251.82,2165.34,1227.42
849.869,2243.67,2039.68,1735.69,1944.78,2290.96,2257.22,2156.99,1242.53
863.257,2248.46,2043.18,1737.06,1928.47,2279.13,2257.11,2174.46,1233.92
860.783,2283.61,2053.7,1719.9,1909.8,2267.07,2286.82,2179.55,1236.54
860.376,2281.28,2031.44,1729.91,1924.88,2273.12,2298.09,2191.55,1244.22
858.414,2272.84,2046.06,1756.42,1909.97,2297.86,2293.77,2182.74,1246.56
860.795,2268.42,2033.38,1738.74,1943.98,2331.51,2276.2,2212.68,1243.48
866.696,2287.39,2057.36,1719.82,1943.43,2333.43,2276.09,2199.47,1251.52
865.011,2313.43,2036.23,1720.09,1951.27,2330.8,2285.23,2213.51,1249.73
859.611,2290.82,2036.59,1723.46,1944.41,2301.66,2281,2180.16,1244.01
866.393,2256.71,2025.53,1704.57,1952.04,2272.37,2281.36,2182.56,1237.58
872.763,2246.68,2043.8,1704.35,1955.64,2247.74,2301.31,2173.28,1251.36
872.79,2231.25,2027.91,1698.2,1934.08,2249.79,2281.28,2162.91,1260.91
882.861,2221.71,2026.14,1693.87,1936.56,2231.28,2299.33,2171.51,1255.47
888.599,2207.16,2017.14,1704.48,1959.84,2241.62,2307.46,2188.82,1246.98
891.955,2221.68,2021.74,1685.18,1974.13,2255.04,2344.13,2176.09,1239.17
891.385,2245.75,2025.32,1678.11,1962.17,2257.45,2297.92,2204.49,1229.78
881.641,2261.63,2028.52,1665.56,1936.64,2279.5,2334.6,2198.75,1244.72
875.463,2267.42,2041.58,1665.8,1945.38,2277.04,2334.61,2193.49,1254.43
879.272,2233.72,2030.34,1676.72,1960.22,2277.98,2321.21,2213.06,1243.49
865.861,2233.05,2042.91,1678.69,1975.3,2292.65,2299.09,2222.03,1245.82
869.582,2205.96,2033.57,1661.85,1977.33,2312.68,2329.17,2229.04,1259.89
869.975,2204.92,2041.51,1672.97,1984.47,2309.26,2359.3,2245.69,1264.03
875.094,2203.83,2040.48,1678.07,1986.51,2303.58,2363.97,2276.47,1268.99
877.714,2208.42,2053.75,1669.88,1997.74,2311.82,2369.37,2294.74,1275.22
880.184,2217.24,2031.68,1682.36,1997.57,2303.78,2375.46,2271.47,1264.92
866.63,2224.79,2042.34,1686.71,1990.97,2302.85,2378.1,2270.34,1275.33
870.804,2229.83,2039,1698.25,1984.3,2303.3,2359.89,2268.97,1280.94
874.451,2248.62,2048.6,1701.04,1973.38,2274,2368.83,2288.51,1278.38
873.008,2245.49,2059.06,1700.57,1972.23,2266.98,2400.8,2289.72,1288.32
879.494,2238.57,2055.89,1726.96,1968.68,2266.1,2397.37,2301.16,1296.37
870.668,2239.06,2060.92,1728.22,1991.16,2256.36,2383.08,2305.88,1293.52
855.692,2264.76,2044.75,1716.12,1980.48,2282.2,2366.14,2304.51,1303.38
863.741,2238.41,2075.76,1696.81,1988.88,2286.13,2388.5,2321.17,1305.89
866.059,2260.3,2088.33,1707.25,1994.48,2284.91,2381.1,2301.81,1300.78
868.161,2249.13,2107.34,1729.2,2006.09,2266.28,2380.27,2331.35,1285.64
869.977,2257.45,2118.48,1734.7,2027.01,2255.59,2397.17,2341.17,1290.69
868.203,2248.26,2117.13,1743.73,2014.35,2254.16,2410.55,2322.16,1281.54
868.115,2256.68,2106.72,1732.36,1988,2249.44,2414.72,2321.93,1280.39
863.42,2242.39,2142.29,1710.04,1992.55,2245.56,2403.39,2300.71,1273.85
859.276,2237.14,2144.69,1716.5,2003.11,2240.92,2431.11,2293.04,1276.11
860.998,2222.75,2186.03,1719.18,1995.55,2271.79,2436.51,2280.8,1262.46
866.319,2220.63,2172.45,1713.73,1989.95,2258.81,2431.85,2268.99,1259.97
856.787,2201.42,2188.84,1717.77,1996.61,2279.44,2435.14,2254.78,1266.03
859.277,2181.09,2186.04,1727.72,2021.98,2295.45,2419.68,2259.02,1268.05
870.412,2176.9,2189.51,1734.84,2033.62,2284.5,2436.67,2270.32,1279.99
863.392,2192.58,2184.37,1735.83,2061.12,2292.15,2449.73,2272.18,1286.43
854.631,2197.64,2206.03,1725.39,2076.2,2273.15,2411.63,2234.65,1277.18
864.643,2226.86,2199.28,1730.29,2089.24,2283.45,2387.63,2254.07,1278.31
868.539,2196.8,2203.94,1735.58,2079.33,2285.52,2398.67,2247.77,1282.4
866.752,2198.6,2197.36,1738.41,2061.55,2287.54,2416.03,2246.05,1283.05
867.142,2204.94,2183.52,1740.77,2064.17,2303.55,2446.22,2211.09,1284.28
862.511,2215.26,2181.19,1738.28,2076.62,2302.37,2465.23,2208.68,1283.98
859.576,2204.4,2180.52,1739,2058.43,2278.13,2462.52,2198.69,1270.99
854.811,2214.92,2170.55,1746.34,2076.05,2285.31,2465.2,2207.39,1274.15
853.982,2237.48,2160.55,1744.34,2079.06,2258.62,2475.53,2211.05,1275.62
858.444,2239.15,2169.97,1742.61,2068.56,2276.91,2472.34,2198.7,1270.76
857.672,2249.25,2144.24,1759.46,2084.63,2302.45,2469.82,2212.44,1261.92
869.89,2255.42,2126.68,1771.75,2080.15,2301.15,2491.68,2199.01,1267.4
868.972,2243.03,2119.77,1778.01,2081.98,2298.66,2474.9,2208.59,1252.92
870.454,2237.31,2102.21,1772.92,2073.28,2305.3,2476.8,2204.85,1255.76
868.639,2234.04,2101.22,1778.88,2080.01,2320.15,2490.02,2203.76,1246.91
870.561,2243.76,2110.41,1770.17,2087.39,2316.61,2479.27,2189.81,1241.48
866.746,2235.17,2098.47,1778.77,2098.21,2327.35,2476,2196.48,1242.24
874.124,2250.75,2097.18,1756.02,2106.27,2305.86,2466.58,2169.68,1228.88
877.508,2226.34,2100.95,1752.7,2085.25,2257.83,2443.87,2165.86,1236.34
882.79,2207.75,2114.99,1760.94,2090.33,2293.48,2449.42,2176.01,1241.21
875.666,2211.43,2119.1,1757.34,2072.04,2311.39,2434.53,2175.79,1245.32
881.339,2242.01,2132.56,1749.43,2075.63,2315.81,2443.2,2165.22,1236.13
867.203,2264.97,2143.3,1755.55,2081.09,2319.62,2419.67,2175.94,1229.81
869.968,2279.75,2170.16,1741.31,2103.4,2332.89,2443.69,2164.15,1239.24
870.75,2286.78,2147.99,1743.56,2108.55,2323.62,2424.66,2156.32,1234.59
875.584,2258.29,2143.28,1769.43,2107.38,2324.07,2411.56,2142.03,1232.39
873.466,2261.11,2178.99,1784.62,2129.09,2332.02,2443.3,2138.6,1229.42
868.492,2260.11,2139.08,1767.96,2161.75,2355.04,2426.88,2131.51,1226.85
869.004,2276.09,2125.66,1764.78,2162.22,2355.33,2440.04,2152.96,1224.03
878.207,2299.45,2100.79,1765.77,2161.86,2370.78,2441.19,2164.57,1228.6
874.129,2346.8,2095.58,1786.56,2149.86,2377.72,2456.86,2162.87,1241.6
864.749,2322.77,2087.31,1797.43,2159.7,2387.63,2477.35,2165.84,1242.5
857.409,2353.6,2069.73,1804.46,2143.73,2394.82,2477.29,2139.91,1252.42
849.231,2349.09,2037.55,1795.97,2132.72,2376,2481.87,2122.7,1257.07
850.817,2355.16,2038.35,1800.66,2137.92,2375.2,2470.34,2084.59,1250.85
854.481,2343.53,2043.21,1781.71,2142.4,2384.08,2456.81,2099.03,1246.39
859.977,2346.29,2026.28,1784.15,2140.43,2374.35,2429.21,2093.31,1256.03
860.538,2337.76,2029.97,1770.82,2115.08,2393.47,2431.8,2077.08,1249.51
849.842,2340.25,2015.91,1778.91,2109.25,2386.07,2404.23,2070.27,1252.91
846.445,2356.87,2044.17,1812.54,2121.22,2371.92,2413.27,2062.35,1252.46
844.944,2366.74,2074.34,1821.05,2109.91,2368.89,2406.64,2043.45,1249.04
845.795,2345.5,2074.09,1832.48,2126.29,2384.69,2404.75,2032.54,1262.75
856.511,2352.57,2090.49,1849.35,2118.01,2380.53,2397.64,2030.23,1269.8
860.174,2364.9,2099.84,1864.21,2147.28,2391.51,2398,2033.43,1279.33
853.842,2335.05,2097.31,1861.45,2142.83,2376.41,2408,2041.29,1284.74
852.294,2313.88,2106.63,1860.91,2160.1,2370.39,2403.2,2058.49,1285.38
853.078,2307.97,2086.33,1850.33,2151.01,2372.85,2399.44,2049.89,1287.19
846.178,2300,2083.15,1843.77,2151.18,2361.1,2408.59,2034.7,1283.61
852.801,2292.91,2077.15,1866.69,2156.56,2346.28,2391.2,2035.67,1307.73
855.911,2316.44,2075.38,1867.62,2163.81,2342.07,2388.9,2017.24,1309.52
859.804,2296.38,2023.74,1891.86,2166.56,2332.16,2392.4,2015.35,1320.9
858.231,2306.83,2037.6,1898.41,2183.04,2345.46,2411.26,2032.06,1313.01
855.746,2304.42,2041.38,1919.81,2189.68,2353.64,2392.92,2038.55,1327.55
855.978,2307.42,2035.68,1922.48,2191.97,2352.74,2405.94,2018.52,1328.39
864.086,2312.61,2028.01,1916.03,2197.87,2354.34,2422.73,2022.26,1323.5
858.692,2339.53,2037.54,1911.89,2174.41,2368.38,2398.83,2022.95,1330.59
854.903,2292.9,2036.98,1897.28,2166.85,2381.92,2424.98,2036.68,1338.12
865.005,2284.42,2042.96,1892.33,2158.87,2408.05,2393.96,2059.72,1340.13
864.011,2281.67,2040.1,1897.69,2151.13,2399.8,2386.55,2056.21,1343.97
861.94,2291.89,2037.57,1891.52,2145.85,2412.07,2377.16,2041.88,1334.89
854.305,2320.76,2050.15,1913.03,2156.35,2423.6,2373.16,2070.51,1351.84
851.075,2309.3,2057.29,1922.29,2129.81,2426.42,2387.63,2052.03,1361.44
852.198,2293.97,2041.68,1938.12,2114.43,2463.63,2408.2,2044.97,1355.47
850.858,2278.93,2072.56,1949.32,2112.22,2487.6,2398.18,2043.36,1374.81
845.848,2277.38,2063.14,1964.66,2127.89,2519.99,2395.49,2045.98,1370.67
840.477,2271.77,2087.97,1961.19,2140.29,2524.31,2381.86,2011.73,1373.27
834.78,2282.76,2116.52,1971.68,2113.7,2541.16,2397.66,1992.08,1370.47
841.81,2259.58,2138.07,1974.76,2151.06,2546.16,2378.67,2008.38,1374.7
844.355,2240.56,2154.46,1979.31,2144.7,2559.89,2367.07,1985.05,1359.24
851.818,2237.16,2159.64,1980.17,2145.78,2561.77,2352.51,1994.71,1356.37
841.696,2237.34,2153.47,1973.92,2138.29,2550.73,2396.76,1961.22,1374.78
836.801,2209.66,2166.42,1992.29,2152.53,2541.82,2414.59,1931.19,1375.58
834.324,2224.88,2184.15,1992.74,2143.94,2539.51,2373.77,1920.54,1362.52
835.787,2222.01,2164.27,1996.25,2125.51,2508.38,2372.86,1915.61,1361.04
834.76,2205.83,2186.41,1964.48,2111.15,2514.38,2402.97,1911.47,1369.49
836.497,2178.71,2206.19,1957.06,2091.17,2496.91,2385.39,1903.3,1382.66
841.291,2160.26,2217.38,1957.21,2087.05,2494,2396.41,1910.48,1381.87
843.552,2178.29,2199.06,1937.45,2101.18,2518.81,2384.65,1891.22,1359.42
851.516,2163.03,2209.12,1934.49,2114.34,2512.33,2382.43,1916,1357.07
852.27,2172.32,2164.07,1912.28,2131.77,2520.6,2386.59,1937.15,1343.27
856.395,2177.24,2157.03,1914.12,2116.76,2525.11,2358.89,1934.9,1351.39
857.162,2168.34,2152.73,1903.1,2102.91,2507.45,2353.47,1961.95,1352.48
855.592,2168.8,2128.1,1917.73,2093.76,2518.48,2353.81,1960.37,1353.41
861.822,2184.43,2112.3,1924.38,2096.26,2515.77,2328.2,1971.35,1351.68
856.387,2188.31,2071.85,1911.06,2100.2,2521.27,2357.7,1984.33,1348.98
862.283,2180.41,2066.17,1896.43,2087.66,2502.51,2346.64,1980.81,1353.49
862.697,2201.66,2070.64,1904.34,2069.02,2523.19,2352.84,2011.04,1361.68
864.356,2217.8,2083.37,1915.34,2064.58,2537.51,2350.07,2027.96,1339.15
871,2207.3,2074.78,1907.05,2065.72,2551.92,2368.83,2023.55,1351.58
873.432,2225.82,2098.48,1916.11,2076.8,2549.37,2373.02,2020.17,1354.61
883.316,2251.87,2119.95,1910.21,2088.02,2552.39,2384.64,1993.97,1361.34
893.043,2257.6,2121.82,1953.23,2095.03,2555.47,2391.49,2003.41,1362.36
891.774,2259.11,2091.95,1942.04,2107.73,2518.21,2380.33,1997.85,1365.43
894.359,2285.43,2091.49,1920.35,2138.09,2525.71,2404.33,2007.88,1372.32
896.051,2279.96,2091.6,1941.62,2140.29,2514.5,2376.37,2017.22,1371.84
891.293,2249.11,2109.99,1961.68,2134.32,2499.16,2393.32,2045.66,1371.16
891.009,2246.25,2116.05,1965.82,2133.36,2501.07,2399.32,2024.58,1385.91
888.005,2230.56,2105.75,1972.52,2159.18,2503.45,2380.85,2037.69,1377.46
888.458,2249.94,2105.14,1978.27,2168.83,2503.3,2382.03,2035.57,1382.71
890.976,2268.15,2131.72,1990.26,2180.11,2517.41,2389.65,2019.54,1380.41
897.465,2281.18,2148.97,1977.11,2194.42,2512.57,2385.5,2020.96,1378.71
894.733,2260.27,2135.19,1979.79,2180.64,2495.91,2393.39,2010.21,1373.24
878.28,2263.61,2144.12,2006.15,2180.4,2498.68,2426.45,2011.88,1380.18
887.036,2254.01,2134,1980.74,2192.28,2500.77,2402.35,1999.97,1380.83
886.81,2288.89,2147.17,1997.45,2189.42,2507.92,2406.05,2005.12,1384.24
872.155,2279.08,2156.98,1994.98,2180.27,2481.82,2420.91,2009.3,1383.91
880.089,2277.98,2153.51,1976.7,2184.99,2496.34,2441.73,2016.73,1385.98
879.683,2283.94,2146.18,1968.81,2186.63,2475.07,2468.13,2021.99,1380.9
878.542,2302.63,2137.21,1981.3,2185.85,2461.23,2478.06,2022.55,1390.77
883.691,2293.88,2126.43,1978.25,2187.77,2443.65,2491.62,2028.31,1378.59
882.897,2315.17,2137.94,1982.27,2169.78,2466.38,2508.24,2038.85,1372.05
879.956,2305.13,2127.83,1984,2150.59,2473.62,2508.28,2019.65,1376.05
873.629,2288.66,2129.78,1985.85,2139.03,2452.94,2550.61,2028.51,1379.59
869.028,2263.61,2102.57,1993.47,2154.86,2458.05,2552.05,2029.28,1369.77
878.917,2233.4,2125.75,2003.11,2136.32,2459.92,2540.09,2049.54,1378.4
881.723,2219.8,2147.15,2025.44,2123.66,2496.4,2529.71,2084.04,1363.34
877.467,2213.6,2154.66,2012.06,2110.86,2513.7,2529.84,2088.24,1353.46
884.465,2181.54,2164.75,2007.99,2100.72,2522.49,2531.23,2104.39,1370.16
881.985,2194.88,2162.32,1994.11,2116.62,2521.78,2542.26,2101.51,1387.44
885.098,2230.23,2183.93,1974.06,2109.62,2495.7,2534.44,2104.74,1376.68
894.162,2218.4,2175.1,1963.28,2114.9,2476.98,2523.87,2085.46,1372.41
890.251,2191.65,2171.45,1976.2,2086.8,2492.57,2505.42,2086.1,1370.72
899.925,2199.69,2152.72,1969.48,2093.38,2487,2489.28,2079.44,1365.64
906.224,2187.63,2140.75,1968.22,2074.17,2496.97,2482.98,2084.34,1367.48
915.835,2195.01,2125.89,1990.22,2079.37,2505.25,2499.55,2091.59,1368.44
906.28,2199.24,2138.05,2012.44,2085.93,2524.17,2505.08,2098.78,1370.75
904.752,2184.26,2116.57,2021.92,2079.37,2563.83,2498.02,2093.37,1374.35
909.711,2191.83,2119.03,2024.07,2087.41,2579.65,2509.94,2090.22,1366.19
922.435,2204.23,2131.74,2051.54,2056.24,2596.47,2492.46,2089.21,1373.52
922.886,2192.96,2121.51,2044.38,2074.23,2601.05,2508.88,2078.01,1383.61
916.122,2211.87,2120.08,2061.63,2076.71,2583.39,2491.98,2082.53,1373.44
921.485,2206.56,2125.06,2097.28,2086.47,2577.46,2491.78,2064.18,1384.63
927.761,2211.66,2137.62,2090.36,2105.84,2551.75,2489.15,2047.01,1381.47
926.973,2210.46,2124.91,2087.98,2118.5,2541.75,2466.15,2069.85,1371.29
935.201,2228.58,2137.25,2110.64,2114.52,2583.57,2479.71,2068.46,1377.75
938.433,2213.51,2127.3,2134.44,2102.37,2607.58,2480.31,2048.71,1357.63
943.516,2217.39,2143.88,2108.45,2129.58,2599.32,2467.75,2038.56,1370.51
955.252,2208.38,2173.77,2149.23,2149.21,2620.11,2456.28,2059.63,1377.24
949.888,2201.69,2179.03,2167.36,2154.88,2631.95,2467.7,2073.93,1377.27
937.69,2201.1,2166.57,2160.45,2156.08,2632.08,2487.97,2065.96,1374.78
935.162,2196.54,2143.99,2193.67,2178.13,2614.97,2519.65,2068.34,1376.45
939.037,2196,2152.09,2195.08,2160.41,2600.53,2520.65,2044.8,1387.47
935.448,2198.16,2160.52,2190.79,2179.45,2605.49,2528,2041.46,1381.92
943.536,2192.83,2171.84,2182.6,2181.6,2614.29,2524.84,2050.25,1404.41
952.215,2205.78,2175.22,2189,2174.97,2618.2,2532.89,2014.47,1408.83
942.671,2218.44,2175.07,2188.57,2184.09,2608.79,2526.61,2020.12,1406.83
954.419,2212.86,2157.85,2179.25,2198.1,2604.62,2504.01,2016.08,1398.04
954.313,2201.89,2167.53,2156.95,2204.39,2559.8,2486.63,2033.62,1395.67
956.607,2194.65,2155.24,2166.1,2197.06,2548.54,2501.74,2036.25,1403.55
961.84,2186.38,2172.26,2176.13,2194.07,2558.22,2524.04,2047.47,1420.3
961.715,2175.69,2190.55,2204.94,2201.02,2543.11,2538.45,2054.19,1429.24
965.783,2193.7,2194.58,2187.56,2197.31,2517.73,2569.26,2031.06,1417.2
962.483,2190.24,2208.7,2187.95,2201.62,2516.63,2574,2045.75,1427.19
959.237,2200.65,2247.91,2191.1,2180.29,2533.61,2573.41,2047.47,1423.76
958.473,2218.53,2240.95,2199.77,2170.51,2517.8,2568.11,2052.5,1426.96
949.088,2228.86,2222.12,2206.73,2148.09,2530.74,2579.78,2054.96,1423.79
942.548,2248.46,2237.57,2205.21,2147.44,2535.74,2604.22,2051.54,1422.02
931.925,2247.4,2219.08,2213.92,2144.7,2520.91,2589.57,2054.36,1413.74
936.525,2250.79,2221.24,2207.75,2145.14,2504.75,2552.41,2051.41,1410.16
934.811,2275.22,2229.4,2190.69,2141.55,2520.58,2553.02,2026.97,1422.7
926.113,2270.79,2224.96,2199.84,2147.42,2543.73,2529.15,2027.97,1427.79
940.684,2257.17,2234.8,2204.97,2159.54,2538.93,2505.41,2028.58,1437.03
945.32,2265,2244.57,2208.91,2151.28,2549.09,2495.52,2032.91,1443.86
939.564,2269.25,2260.7,2190.31,2148.25,2538.63,2524.23,2045.51,1456.62
944.157,2268.51,2267.56,2201.12,2147.93,2538.6,2501.61,2057.4,1453.04
942.224,2285.6,2248.18,2193.42,2135.86,2562.21,2492.38,2055.21,1456.31
935.396,2287.98,2251.56,2194.24,2135.53,2546,2487.54,2061.33,1463.8
932.56,2296.28,2234.25,2207.04,2129.91,2554.44,2501.86,2068.6,1461.64
927.111,2282.26,2229.12,2217.08,2135.66,2537.97,2511.46,2065.67,1454.25
931.475,2287.52,2221.79,2220.46,2154.57,2520.05,2525.39,2074.8,1456.79
916.477,2305.62,2214.22,2224.22,2160.05,2487.64,2514.81,2084.96,1449.26
919.84,2318.96,2203.13,2210.25,2151.44,2479.42,2508.24,2073.21,1432.02
917.894,2330.83,2207.05,2223.79,2151.68,2467.92,2496.93,2080.17,1412.21
920.05,2356.24,2205.24,2227.56,2147.53,2458.2,2485.87,2081.06,1409.82
918.021,2329.05,2222.02,2222.83,2148.16,2437.23,2502.82,2077.16,1412.6
913.586,2330.96,2202.31,2220.59,2160.35,2484.48,2506.21,2067.37,1417.03
915.538,2318.25,2180.25,2206.13,2150.39,2470.43,2498.33,2066.99,1430.46
910.388,2333.83,2164.65,2215.23,2143.32,2468.99,2513.15,2053.58,1410.37
908.498,2337.85,2203.01,2218.71,2140.64,2486.8,2529.9,2058.26,1413.37
907.961,2346.78,2191.06,2205.07,2142.7,2495.2,2548.8,2066.12,1428.17
915.6,2357.76,2197.67,2243.96,2156.04,2478.62,2586.29,2051.79,1429.07
920.114,2359.72,2220.49,2230.76,2157.9,2479.28,2595.73,2037.26,1426.32
923.565,2355.59,2253.23,2235.7,2151.14,2490.3,2599.42,2020.09,1416.58
926.727,2353.16,2238.25,2243.02,2152.33,2502.76,2604.84,2023.83,1425.45
939.765,2341.4,2247.13,2252.88,2155.77,2497.95,2613.16,2005.96,1422.49
942.599,2343.47,2258.88,2235.73,2139.02,2499.12,2615.5,2006.06,1440.49
929.756,2353.42,2288.01,2254.04,2113.44,2500.34,2611.48,2034.71,1428.57
924.635,2333.93,2273.71,2235.62,2107.28,2514.68,2573.64,2039.99,1428.88
923.963,2334.04,2259.8,2232.52,2129.81,2484.33,2561.15,2055.05,1407.35
925.653,2347.32,2269.35,2259.35,2124.19,2487.35,2568.2,2070.46,1401.67
923.811,2358.14,2263.64,2225.55,2114.66,2498.16,2578.34,2070.37,1408.5
922.738,2376.61,2273.93,2196.07,2118.97,2478.6,2573.36,2040,1411.16
927.193,2412.15,2253.19,2225.05,2119.8,2484.32,2559.74,2023.74,1412.7
927.913,2430.86,2259.64,2235.14,2115.56,2485.06,2568.56,2025.06,1407.5
911.985,2435.25,2263.86,2210.95,2143.51,2459.07,2555.06,2036.87,1407.24
907.849,2425.59,2249.8,2221.11,2129.44,2425.77,2545.08,2034.35,1400.25
910.595,2411.48,2237.39,2198.04,2120.87,2442.82,2576.52,2050.94,1386.47
918.95,2422.39,2235.95,2201.67,2120.96,2424.36,2587.8,2075.86,1390.16
923.093,2463.87,2220.72,2217.13,2128.96,2423.65,2579.74,2054.56,1384.84
925.066,2475.32,2224.31,2205.18,2147.95,2455.54,2587.8,2067.04,1405.53
926.923,2461.44,2235.26,2214.42,2149.21,2456.22,2571.67,2086.52,1408.64
925.26,2470.21,2232.78,2230.06,2143.33,2453.52,2587.6,2102.78,1404.9
924.018,2468,2223.48,2207.33,2156.21,2430.97,2570.8,2098.76,1392.86
920.325,2471.37,2186.08,2184.51,2146.63,2442.38,2589.43,2116.94,1386.8
920.408,2472.11,2179.29,2182.57,2164.95,2427.84,2587.84,2126.1,1378.51
930.237,2480.1,2200.16,2191.5,2184.07,2435.2,2618.17,2113.85,1368.22
936.97,2479.9,2198.1,2212.4,2207.13,2430.67,2638.9,2100.31,1371.38
937.665,2476.88,2225.46,2215.12,2236.57,2434.41,2645.13,2092.12,1379.13
930.483,2475.77,2203.69,2213.41,2247.12,2449.41,2632.37,2070.85,1371.27
927.247,2480.9,2215.16,2232.31,2247.32,2448.88,2627.84,2057.14,1378.22
924.266,2481.88,2208.53,2218.83,2229.49,2434.08,2611.97,2060.52,1390.58
924.001,2479.73,2217.48,2212.31,2216.48,2438.53,2618.65,2084.93,1392.27
931.944,2512.36,2223.66,2208.69,2186.88,2420.14,2640.75,2063.83,1378.84
927.23,2502.73,2236.56,2227.25,2204.74,2423.17,2621.62,2044.7,1381.79
918.461,2537.5,2248.57,2202.76,2211.57,2419.24,2623.91,2071.44,1370.11
923.363,2563.86,2245.58,2226.94,2215.05,2428.33,2639.2,2058.38,1382.13
929.123,2546.85,2244.21,2219.3,2192.42,2434.79,2661.5,2088.68,1381.37
928.858,2518,2247.6,2234.11,2154.42,2451.82,2657.48,2108.97,1380.43
936.512,2518.06,2250.1,2235.31,2198.74,2431.14,2669.57,2100.91,1375.27
934.508,2467.8,2253.34,2235.51,2173.19,2395.02,2684.39,2087.83,1373.97
931.321,2491.25,2241.46,2232.76,2171.83,2378.31,2676.94,2097.76,1380.7
943.497,2504.09,2224.89,2220.18,2152.39,2350.41,2680.78,2110.07,1363.21
940.596,2488.38,2246.38,2208.28,2163.55,2364.21,2682.09,2100.66,1363.1
933.481,2508.65,2229.26,2192.35,2161.12,2369.58,2702.45,2078.34,1354.49
940.217,2497.52,2227.15,2219.63,2163.59,2341.03,2736.99,2086.64,1361.88
936.591,2500.44,2228.23,2230.77,2154.75,2302.94,2757.32,2111.91,1373.56
938.733,2489.31,2240.29,2232.83,2145.7,2285.67,2773.24,2116.91,1370.09
925.009,2471.87,2229.9,2253.16,2152.61,2309.73,2764.83,2107.75,1378.02
924.773,2521.6,2224.58,2270.07,2166.3,2290.14,2766.06,2132.72,1376.02
929.636,2554.44,2222.9,2257.22,2169.42,2283.56,2792.34,2133.27,1383.87
931.081,2559.41,2198.03,2223.11,2170.51,2279.79,2826.69,2137.99,1369.97
938.089,2562.99,2176.45,2232.54,2170.26,2240.82,2851.29,2151.3,1374.03
942.418,2569.19,2187.29,2246.98,2165.14,2253.33,2831.27,2170.95,1372.19
933.082,2591.98,2177.89,2246.72,2165.56,2283.36,2854.77,2169.3,1367.4
925.277,2612.63,2181.14,2251.59,2160.35,2267.65,2854.76,2178.05,1364.08
920.377,2624.59,2168.88,2248.17,2138.64,2310.33,2860.63,2193.16,1368.91
921.55,2633.25,2173.12,2241.51,2151.08,2310.81,2854.22,2222.69,1367.95
927.169,2642.4,2189.34,2235.33,2143.18,2282.71,2882.1,2224.71,1380.41
914.868,2663.55,2179.28,2257.57,2163.96,2268.89,2878.11,2232.68,1387.91
921.138,2661.29,2149.65,2271.56,2136.11,2270.63,2896.49,2221.64,1382.69
923.327,2665.2,2157.39,2281.58,2141.03,2277.65,2913.86,2197.41,1395.39
927.542,2692.96,2162.01,2312.51,2138.59,2294.83,2899.32,2185.62,1395.42
935.948,2684.49,2155.36,2305.02,2139.9,2312.6,2877.39,2178.74,1403.49
934.453,2672.44,2189,2280.1,2112.66,2312.3,2891.5,2145.65,1401.02
929.245,2626.1,2185.71,2268.03,2107.76,2302.67,2839.26,2131.18,1421.26
935.967,2619.96,2174.74,2297.68,2109.54,2308.56,2834.56,2123.77,1425.5
929.985,2637.77,2181.76,2283.84,2095.63,2293.7,2804.36,2119.58,1418.02
928.435,2648.07,2161.98,2285.19,2110.4,2299.07,2807.29,2090.66,1411.6
928.69,2645.34,2144.53,2269.15,2110.51,2292.72,2813.92,2105.56,1410.99
934.951,2659.53,2140.23,2269.64,2118.32,2290.45,2825.54,2084.45,1424.79
930.595,2665.02,2136.8,2266.88,2113.44,2325.47,2813.12,2093.02,1439.04
931.252,2677.1,2127.37,2277.9,2127.14,2333.3,2786.73,2092.9,1426.32
926.888,2686.56,2143,2259.75,2137.1,2334.2,2765.55,2103.26,1428.57
930.655,2690.88,2136.94,2244.3,2139.74,2318.29,2764.74,2111.43,1425.84
918.766,2679.88,2143.77,2247.51,2145.67,2333.96,2771.85,2116.9,1417.64
912.886,2693.09,2128.65,2273.38,2145.76,2339.08,2795.38,2097.05,1443.58
905.702,2696.93,2118.56,2266.02,2141.9,2352.55,2819.45,2102.29,1431.91
909.239,2683.15,2133.29,2273.37,2144.16,2353.48,2835.42,2102.33,1424.9
906.638,2681.91,2125.04,2261.2,2135.25,2364.83,2846.89,2094.44,1446.93
910.606,2697.25,2123.96,2234.82,2161.87,2384.36,2819.73,2120.4,1444.87
920.896,2691.11,2115.44,2229.66,2170.39,2384.38,2828.33,2134.08,1435.64
915.975,2691.68,2146.55,2242.35,2181.11,2390.35,2846.89,2124.44,1441.94
914.946,2700.86,2132.43,2227.38,2191.25,2363.09,2819.39,2146.87,1429.85
908.151,2710.33,2155.24,2225.92,2203.94,2390.48,2813.18,2147.92,1426.38
901.079,2698.85,2157.17,2226.19,2212.06,2400.87,2765.2,2130.52,1444.57
897.376,2693.61,2172.44,2194.82,2212.07,2391.37,2773.15,2153.52,1446.61
895.323,2701.39,2132.08,2181.5,2174.01,2405.44,2783.17,2146.87,1462.74
889.365,2697.03,2139.19,2193.54,2182.71,2378.25,2771.69,2157.19,1463.59
891.877,2711.98,2149.7,2209.6,2184.34,2420.65,2768.78,2179.89,1461.38
874.919,2682.24,2162.05,2202.79,2197.97,2416.47,2772.04,2193.7,1447.49
874.277,2690.64,2166.75,2227.33,2219.83,2407.35,2737.19,2208.62,1442.87
869.909,2702.59,2173.93,2218.29,2213.82,2441.63,2746.71,2221.89,1448.35
874.08,2708.94,2181.79,2223.14,2232.32,2463.64,2745.28,2206.93,1438.83
877.838,2676.56,2191.63,2215,2244.13,2484.33,2769.04,2212.07,1435.56
877.726,2678.08,2185.17,2212.47,2260.2,2488.6,2777.65,2210.91,1443.06
870.562,2660.89,2181.05,2231.64,2255.72,2506.92,2799.51,2200.66,1457.3
874.447,2622.29,2186.34,2258.03,2260.34,2490.22,2779.06,2228.04,1489.81
870.484,2624.1,2181.22,2252.37,2274.32,2497.78,2772.01,2222.12,1490.45
858.976,2633.03,2203.22,2256.09,2267.95,2489.54,2720.29,2252.36,1488.36
852.997,2617.29,2234.25,2248.95,2246.26,2487.53,2731,2252.74,1511.73
847.163,2594.97,2237.55,2238.47,2241.14,2468.75,2754.67,2276.36,1516.44
850.998,2591.09,2241.58,2232.45,2230.78,2461.53,2750.58,2255.95,1514.42
848.479,2583.42,2226.27,2210.05,2207.64,2456.91,2726.04,2264.98,1522.58
856.607,2561.62,2212.61,2248.25,2196.82,2469.91,2743.34,2252.71,1517.57
859.964,2519.65,2205.23,2246.52,2198.58,2472.8,2746.21,2233.67,1525.12
855.227,2528.02,2204.91,2254.43,2199.8,2485.58,2765.11,2224.91,1530.34
854.88,2547.38,2200.01,2230.49,2200.32,2507.73,2737.45,2242.05,1544.96
861.136,2537.47,2189.35,2233.23,2191.06,2511.85,2712.13,2237.66,1542.81
863.811,2553.6,2176.91,2244.97,2192.58,2530.14,2712.08,2257.26,1534.36
856.664,2552.19,2167.11,2236.09,2205.9,2520.87,2706.91,2248.36,1530.09
859.485,2573.12,2165.41,2222.13,2228.95,2533.34,2726.06,2245.24,1516.77
850.42,2587.9,2192.05,2225.59,2222.31,2526.16,2728.49,2240.63,1509.49
832.128,2599.29,2196.78,2214.53,2249.87,2536.47,2723,2208.14,1500.53
836.708,2580.29,2204.11,2204.59,2237.43,2535.24,2737.66,2239.26,1484.55
833.893,2574.6,2172.55,2204.41,2239.25,2517.48,2764.34,2260.82,1494.53
838.406,2576.02,2176.35,2185.99,2235.74,2504.42,2765.61,2247.93,1481.21
838.009,2599.9,2193.36,2194.83,2236.11,2507.31,2774.81,2210.59,1491.52
845.586,2589.41,2209.94,2193.38,2227.12,2523.07,2769.01,2205.52,1487.04
854.308,2587.63,2207.26,2202,2226.68,2511.48,2759.87,2191.08,1471.41
858.056,2601,2190.99,2206.5,2208.69,2527.06,2771.73,2178.2,1470.93
857.905,2606.39,2207.02,2189.62,2223.08,2542.02,2754.68,2169.49,1473.89
859.008,2598.09,2220.33,2191.01,2214.81,2570.91,2787.89,2159.24,1454.89
857.073,2631.09,2229.93,2180.38,2211.57,2581.52,2783.84,2160.53,1448.56
852.824,2613.02,2268.39,2159.29,2220.09,2593.17,2815.89,2175.23,1459.32
851.489,2587.57,2275.69,2162.32,2221.93,2585.86,2815.99,2170.82,1456.33
857.676,2597.26,2277.03,2146.55,2224.81,2549.51,2788.92,2176.86,1463.15
848.109,2599.87,2283.15,2128.84,2241.41,2551.58,2801.89,2164.56,1453.88
853.108,2610.54,2300.16,2146.11,2240.49,2563.79,2810.76,2173.61,1459.09
848.673,2611.57,2301.32,2138.79,2253.07,2577.49,2825.84,2168.24,1462.5
857.86,2622.83,2303.24,2141.83,2262.37,2531.04,2828.62,2163.61,1457
855.587,2606.68,2323,2144.38,2263.45,2554.72,2810.61,2180.88,1458.22
864.452,2600.68,2340.49,2118.57,2252.94,2564.76,2816.16,2169.12,1468.42
863.717,2597.45,2330.74,2092.42,2257.24,2585.38,2820.76,2172.82,1464.51
863.065,2608.83,2331.18,2066.6,2268.12,2566.03,2821.86,2159,1465.58
867.396,2619.82,2308.32,2071.11,2262.32,2585.53,2808.29,2178.59,1453.73
864.889,2615.26,2323.62,2077.46,2270.53,2586.94,2846.16,2174.69,1448.86
864.583,2612.09,2341.13,2067.8,2256.54,2592.67,2862.23,2167.39,1447.29
871.722,2643.65,2346.62,2062.14,2252.06,2592.51,2885.06,2168.95,1429.95
877.983,2656.6,2333.27,2043.88,2249.44,2556.48,2868.72,2164.65,1438.42
883.9,2666.08,2334.92,2041.28,2275.84,2539.77,2868.09,2156.98,1432.7
890.888,2655.18,2362.59,2054.48,2275.47,2536.5,2867.09,2155.97,1444.17
876.499,2669.39,2369.4,2064.63,2256.31,2549.77,2850.47,2165.78,1441.15
871.638,2678.61,2357.29,2064.43,2254.94,2548.27,2838.89,2140.92,1444.17
872.845,2674.84,2339.99,2030.46,2252.83,2548.29,2819.1,2151.99,1461.29
873.123,2667.89,2343.03,2064.68,2240.73,2540.03,2804.84,2155.98,1470.95
868.738,2649.22,2360.1,2072.47,2253.06,2556.67,2810.77,2164.74,1477.1
864.213,2666.52,2372.85,2087.67,2236.01,2563.23,2825.54,2171.71,1469.02
869.135,2670.16,2348.84,2121.39,2228.71,2588,2804.75,2169.43,1457.69
852.729,2671.33,2373.75,2116.46,2209.08,2604.61,2767.86,2176.45,1455.49
848.799,2658.83,2377.24,2111.76,2207.91,2604.09,2763.08,2181.08,1451.52
848.608,2669.82,2369.59,2100.3,2212.53,2608.22,2753.53,2180.84,1458.12
838.346,2685.82,2359.25,2111.06,2165.69,2607.83,2764.93,2170.13,1471.11
837.669,2728.16,2391.93,2116.13,2152.93,2643.64,2790.68,2201.05,1467.71
834.578,2745.38,2393.53,2112.82,2157.33,2637.36,2758.94,2187.25,1471.02
840.143,2722.54,2374.94,2104.81,2177.78,2674.14,2751.96,2196.04,1468.56
828.433,2729.88,2369.81,2093.56,2171.45,2671.68,2750.63,2187.28,1474.62
822.719,2739.56,2361.45,2095.12,2172.34,2652.37,2747.58,2169.21,1471.1
817.596,2741.13,2337.35,2097.31,2144.3,2628.02,2726.11,2161.96,1469.76
812.449,2738.34,2345.01,2096.35,2152.37,2638.26,2725.71,2184.36,1469.37
819.815,2726.31,2341.79,2096.67,2151.03,2654.22,2701.17,2207.55,1475.9
822.547,2717.2,2369.49,2084.78,2135.07,2648.62,2726.84,2215.58,1471.28
826.277,2735.88,2364.14,2095.78,2146.52,2659.63,2702.73,2195.41,1480.79
829.583,2738.4,2421.03,2089.57,2161.27,2662.53,2727.63,2201.71,1461.2
817.194,2705.18,2393.38,2072.07,2190.23,2594.76,2763.71,2204.83,1478.01
816.854,2672.3,2396.44,2075.9,2178.9,2611.84,2748.28,2206.85,1466.79
813.206,2647.6,2392.03,2105.36,2177.15,2599.07,2751.34,2196.01,1452.39
813.057,2622.73,2396.01,2109.72,2174,2571.96,2712.61,2200.36,1449.87
811.813,2643.22,2408.81,2082.02,2196.03,2569.19,2697.67,2200.05,1452.25
814.387,2607.36,2419.43,2078.21,2217.44,2559.52,2710.1,2185.37,1461.08
817.469,2621.83,2424.52,2066.03,2212.01,2561.29,2708.76,2186.5,1465.97
811.232,2633.8,2419.03,2076.25,2195.22,2538.05,2674.75,2195.99,1464.3
819.393,2642.32,2402.79,2065.43,2205.05,2512.56,2690.14,2175.74,1449.99
817.098,2621.57,2397.74,2050.33,2228.43,2491.24,2688.93,2200.36,1445.6
828.643,2632.94,2395.5,2051.15,2237.62,2493.13,2675.16,2206.96,1431.32
824.706,2618.18,2411.89,2080.9,2252.72,2482.74,2676.42,2208.23,1420.19
825.386,2599.39,2411.44,2075.35,2254.74,2440.22,2637.56,2215.54,1401.09
829.331,2601.58,2420.36,2085.95,2257.68,2462.19,2683.92,2199.9,1406.07
840.663,2617.32,2426.31,2098.39,2251.14,2443.24,2689.91,2193.46,1407.29
846.169,2636.98,2412.68,2109.73,2252.21,2464.64,2722.66,2205.35,1396.89
854.685,2616.36,2392.23,2138.42,2255.6,2452.43,2742.33,2210.04,1399.69
857.482,2632.65,2385.24,2149.88,2251.15,2454.64,2732.4,2220.26,1402.25
861.422,2617.31,2404.96,2182.38,2244.84,2439.15,2748.36,2223.18,1393.43
854.718,2565.21,2385.79,2199.1,2217.39,2465.57,2802.43,2249.08,1387.34
863.706,2546.64,2400.52,2188.42,2231.14,2459.52,2833.3,2253.85,1393.19
864.762,2564.04,2431.12,2163.23,2212.41,2459.97,2835.96,2240.35,1387.16
870.779,2528.61,2383.32,2176.81,2203.67,2429.67,2835.69,2256.05,1392.26
868.208,2524.47,2377.24,2192.92,2222.06,2429.8,2848.02,2258.05,1389.88
877.597,2511.27,2382.88,2231.75,2224.25,2429.3,2827.77,2230.57,1386.39
874.536,2510.43,2355.25,2260.36,2201.36,2419.33,2810.15,2215.13,1376.11
878.046,2496.4,2354,2249.43,2218.82,2462.31,2823.06,2202.08,1391.56
885.607,2497.61,2325.47,2240.39,2234.25,2449.82,2836.43,2212.32,1397.84
888.378,2502.09,2321.59,2227.09,2245.22,2457.51,2802.94,2217.92,1384.3
891.998,2494.34,2340.73,2221.02,2243.17,2452.05,2842.89,2226.27,1380.52
888.429,2498.39,2335.6,2221.08,2258.95,2417.97,2808.96,2235.33,1380.47
888.402,2495.39,2325.45,2194.83,2299.75,2422.96,2826.15,2216.41,1374.99
886.555,2479.38,2339.74,2181.28,2316.11,2423.92,2838.61,2196.53,1374.85
886.639,2483.61,2345.98,2172.76,2321.85,2419.74,2825.75,2179.87,1374.09
885.79,2459.75,2355.07,2174.57,2338.28,2443.99,2857.52,2184.88,1394.9
885.615,2437.83,2344.24,2171.01,2346.55,2466,2844.95,2179.93,1393.02
885.995,2453.83,2332.67,2152.44,2345.82,2465.83,2880.39,2159.4,1390.94
889.716,2448.87,2352.92,2184.78,2301.48,2472.99,2900.29,2156.93,1393.11
891.827,2468.57,2333.31,2177.76,2300.58,2475.9,2914.96,2138.38,1387.01
899.568,2460.56,2314.29,2155.83,2316.39,2502.6,2880.06,2115.89,1379.8
902.429,2423.81,2292.44,2168.68,2309.22,2482.29,2883.09,2100.56,1374.76
903.318,2430.66,2285.52,2172.37,2319.05,2501.63,2879.77,2104.09,1377.75
908.452,2427.12,2261.6,2169.73,2296.03,2495.28,2862.93,2099.83,1378.46
896.957,2446.09,2273.49,2180.23,2303.85,2494.41,2881.77,2090.63,1353.79
907.385,2448.23,2241.52,2199.82,2288.72,2516.56,2889.42,2078.52,1344.71
903.718,2466.99,2246.69,2199.22,2281.13,2516.98,2925.59,2099.67,1351.23
903.649,2459.68,2257.86,2178.45,2278.88,2489.44,2890.94,2092.86,1357.16
901.552,2450.14,2227.39,2174.56,2261.77,2495.42,2893.75,2086.49,1361.93
913.534,2489.28,2219.41,2164.52,2292.19,2493.54,2868.73,2093.26,1349.33
920.963,2494.76,2263.08,2164.27,2292.05,2463.29,2875.52,2064.72,1352.78
916.875,2508.3,2283.72,2185.78,2296.71,2450.09,2847.96,2061.59,1354.36
921.816,2454.07,2295.8,2207.92,2298.59,2442.89,2829.85,2043.63,1356.7
912.112,2445.59,2271.75,2194.12,2278.62,2474.32,2800.9,2039.63,1350.44
915.272,2457.42,2280.31,2189.83,2271.04,2467.38,2827.48,2039.37,1345.15
917.369,2462.41,2299.17,2189.26,2242.42,2478.7,2862.05,2031.82,1343.38
922.774,2460.45,2306.93,2164.25,2258.75,2505.48,2887.6,2005.55,1336.76
920.306,2481.5,2313.4,2175.41,2218.15,2495.58,2879.15,2008.09,1329.82
926.48,2474.19,2312.54,2156.74,2257.24,2480.35,2873.47,2010.32,1340.4
930.477,2494.85,2307.76,2136.04,2257.68,2483.21,2842.37,1997.71,1342.07
927.772,2474.39,2304.3,2160.4,2252.44,2463.09,2818.81,2012.34,1340.43
930.612,2460.59,2288.95,2158.67,2228.77,2456.74,2803.43,2010.16,1339.76
930.517,2451.57,2285.87,2159.49,2199.06,2445.06,2843.08,2031.39,1347.21
934.363,2443.13,2271.44,2158.41,2196.35,2448.41,2863.85,2023.35,1339.9
927.17,2430.19,2275,2180.14,2179.35,2431.28,2852.28,2008.71,1328.58
928.406,2436.49,2259.99,2184.35,2178.3,2426.93,2852.1,2008.93,1323.13
929.158,2479.21,2264.44,2180.49,2170.41,2422.51,2823.75,2034.41,1315.06
928.872,2476.76,2242.6,2207.96,2174.43,2420.53,2864.3,2030.45,1321.18
935.002,2480.26,2225.65,2238.83,2154.89,2418.11,2881.36,2044.8,1337.58
926.182,2481.29,2242.82,2249.66,2174.51,2391.28,2909.97,2040.77,1320.62
927.261,2471.38,2248.04,2272.31,2151.87,2381.05,2908.44,2057.87,1337.65
928.024,2512.25,2247.02,2295.1,2145.52,2360.25,2908.11,2056.47,1328.22
926.39,2515.86,2252.97,2281.42,2128.87,2356.2,2920.14,2061.52,1321.11
924.603,2492.75,2238.41,2274.98,2136.67,2350.87,2922.67,2046.38,1330.68
931.93,2478.43,2242.94,2284.4,2156.9,2335.18,2932.66,2058.15,1319.7
935.908,2477.75,2240.44,2275.64,2123.06,2328.26,2922.17,2036.34,1315.03
935.493,2467.99,2216.38,2268.25,2118.76,2337.39,2935.65,2025.36,1310.96
921.647,2460.44,2218.02,2263,2107.09,2344.36,2925.63,2024.46,1323.57
930.388,2449.89,2204.46,2279.99,2133,2342.88,2903.66,2016.01,1310.31
934.264,2459.57,2215.84,2237.31,2145.42,2340.46,2861.91,2030.99,1295.96
928.559,2466.86,2227.92,2240.97,2148.36,2367.49,2831.12,2039.59,1303.44
927.49,2470.29,2216.13,2236.05,2131.56,2357.83,2845.7,2047.17,1297.37
926.496,2462.07,2212.16,2264.65,2133.66,2342.83,2831.01,2073.99,1304.31
933.311,2465.47,2201.02,2272.78,2137.3,2341.12,2858.97,2103.96,1307.2
933.148,2471.82,2218.07,2265.29,2129.18,2349.28,2866.25,2129.99,1311.11
934.204,2452.89,2230.87,2268.85,2121.75,2360.46,2853.71,2137.02,1324.14
928.503,2476.79,2230.72,2287.33,2113.32,2371.38,2836.48,2154.74,1309.61
926.538,2477.2,2244.06,2294.15,2103.13,2365.87,2865.04,2179.91,1295.99
917.653,2469.21,2268.56,2269.71,2075.23,2368.89,2857.98,2173.72,1292.08
920.777,2457.21,2253.86,2261.22,2070.93,2376.93,2885.37,2152.52,1300.12
919.878,2456.3,2246.03,2274.27,2082.92,2372.58,2865.68,2167.35,1287.7
903.64,2457.49,2230.16,2267.23,2093.17,2358.7,2863.09,2160.73,1290.29
900.604,2426.62,2243.26,2288.51,2112.86,2381.55,2885.82,2145.62,1301.21
909.879,2419.99,2251.83,2272.58,2121.29,2406.62,2895.97,2132.31,1304.49
902.412,2421.65,2244.09,2275.51,2113.09,2404.17,2913.38,2134.5,1306.45
906.521,2447.11,2252.02,2266.48,2138.97,2405.75,2900.65,2138.22,1311.76
898.844,2452.93,2242.3,2284.86,2133,2364.33,2918.98,2136.34,1320.65
905.008,2436.94,2244.44,2275.68,2132.05,2365.34,2919.45,2178.12,1314.88
908.279,2408.31,2274.22,2234.29,2122,2369.62,2926.98,2135.69,1325.04
916.376,2377.35,2273.6,2217.51,2139.7,2376.25,2958.37,2145.04,1324.64
921.655,2381.75,2277.16,2211.96,2146.69,2381.62,2958.4,2165.64,1319.52
905.219,2378.76,2267.15,2194.66,2122.76,2386.07,3007.79,2159.13,1324.4
909.637,2385.33,2287.67,2170.17,2112.22,2384.23,3004.17,2153.84,1347.45
903.707,2360.63,2281.85,2153.05,2096.72,2385.78,2989.84,2130.87,1353.27
902.071,2343.12,2299.98,2177.24,2093.75,2363.57,3005.04,2137.65,1362.72
892.658,2338,2308.3,2185.17,2075.1,2350.3,3017.97,2160.13,1375.91
900.285,2344.91,2323.25,2164.14,2089.94,2367.96,2998.57,2163.65,1376.22
888.298,2333.17,2314.27,2150.63,2061.61,2379.46,2971.61,2148.51,1382.98
895.003,2339.38,2317.92,2151.96,2050.89,2380.59,2950.08,2112.86,1379.3
909.272,2336.09,2303.57,2182.6,2064.79,2384.82,2915.36,2076.03,1371.7
909.951,2326.95,2303.47,2169.64,2080.37,2375.58,2899.97,2061.38,1372.34
912.169,2322.59,2295.6,2144.99,2089.1,2379.54,2895.12,2066.85,1361.66
908.963,2322.89,2272.82,2132.14,2096.5,2379.41,2886.07,2056.2,1350.29
913.84,2312.65,2275.12,2139.31,2105.08,2366.82,2868.55,2076.35,1356.09
921.008,2313.9,2265.68,2136.83,2086.46,2384.2,2849.17,2080.7,1357.83
914.539,2312.11,2259.21,2130.51,2099.89,2378.74,2866.55,2081.12,1352.92
905.344,2315.11,2241.85,2126.4,2101.99,2360.1,2854.3,2083.84,1360.21
900.957,2310.44,2235.05,2139.98,2095,2383.36,2829.56,2091.49,1359.39
896.465,2316.75,2227.61,2141.52,2083.43,2400.28,2852.83,2084.58,1378.34
885.753,2304.26,2224.11,2165.65,2074.11,2416.59,2847.42,2099.76,1391.56
888.314,2278.04,2231.02,2170.1,2064.62,2430.58,2843.59,2071.4,1402.23
888.253,2281.57,2210.91,2197.2,2040.23,2454.7,2831.52,2082.33,1395.37
899.644,2296.91,2195.45,2192.94,2013.53,2426.04,2808.22,2091.2,1395.56
892.183,2299.36,2184.58,2186.05,2023.84,2404.22,2795.02,2094.63,1400.25
890.34,2283.73,2164.24,2175.39,2010.9,2413.57,2760.06,2110.43,1414.32
881.706,2295,2162.79,2176.62,2006.71,2430.01,2738.67,2089.66,1409.61
881.614,2339.93,2156.55,2186.77,2018.25,2444.05,2744.42,2071.61,1398.38
881.951,2360.96,2137.96,2177.16,1991.4,2454.91,2749.27,2072.71,1409.81
887.7,2361.02,2107.84,2172.2,1990.23,2437.51,2761.49,2068.15,1417.74
888.606,2358.02,2123.46,2197.48,1977.75,2430.55,2740.79,2071.47,1438.57
885.27,2327.03,2122.03,2184.6,1962.51,2451.55,2736.43,2074.46,1436.1
893.244,2365.65,2132.54,2191.81,1960.91,2483.7,2728.31,2093.79,1443.76
899.354,2364.77,2121.94,2237.31,1962.43,2492.32,2715.63,2100.07,1435.86
899.497,2379.88,2132.73,2240.48,1969.91,2505.35,2688.3,2101,1436.48
901.646,2382.23,2135.43,2235.16,1953.47,2511.22,2713.48,2082.6,1429.9
919.925,2386.38,2158.34,2252.13,1939.59,2531.71,2699.41,2083.5,1428.12
914.034,2392.12,2147.32,2221.16,1918.51,2540.54,2690.56,2086.44,1419.43
913.63,2412.52,2143.84,2219.3,1915.16,2538.4,2674.44,2067.41,1416.62
919.739,2410.07,2118.04,2219.8,1918.67,2540.87,2669.63,2061.56,1404.78
928.124,2401.97,2120.32,2211.91,1928.12,2560.21,2647.82,2065.47,1408.04
920.712,2356.87,2116.29,2213.57,1935.99,2565.56,2654.42,2069.07,1421.78
932.792,2344.28,2109.41,2213.24,1923.67,2570.47,2641.33,2085.96,1417.78
933.516,2358.83,2122.98,2200.38,1932.5,2567.11,2645.07,2086.21,1422.98
929.962,2345.66,2128.99,2203.42,1938.48,2578.86,2662.93,2075.38,1415.97
931.065,2357.49,2146.26,2217.07,1959.9,2605.51,2686.85,2074.57,1424.44
916.648,2382.71,2136.13,2220.74,1954.56,2590.85,2689.37,2078.18,1435.07
930.686,2402.2,2114.89,2206.85,1949.72,2529.58,2708.71,2054.87,1435.35
929.263,2372.17,2121.76,2226.77,1935.51,2517.8,2679.86,2032.55,1436.72
920.848,2390.22,2143.43,2224.85,1953.19,2533.83,2666.43,2039.62,1454.1
927.557,2408.34,2133.72,2224.49,1964.71,2529.54,2664.34,2023.09,1464.29
921.36,2412.96,2132.63,2212.72,1973.39,2516.77,2643.68,2044.2,1482.3
924.31,2402.35,2127.47,2240.3,1987.66,2485.81,2662.77,2067.39,1477.59
929.04,2403.28,2129.7,2218.28,2025.82,2488.38,2693.41,2087.84,1493.62
939.571,2421.2,2098.28,2241.22,2060.68,2485.08,2687.74,2093.79,1482.57
931.113,2431.43,2070.94,2240.76,2053.15,2500.94,2665.82,2063.63,1470.21
918.061,2442.84,2101.33,2254.62,2054.21,2469.1,2683.95,2080.08,1480.47
914.558,2439.81,2087.68,2227.06,2063.12,2485.39,2703.88,2090.11,1485.02
918.533,2430.62,2096.87,2237.08,2040.42,2514.86,2721.9,2088.27,1481.06
929.613,2428.05,2091.33,2242.17,2048.87,2532.47,2725.22,2104.58,1460.9
941.652,2429.68,2097.13,2214.88,2056.57,2511.35,2712.66,2076.82,1451.01
934.666,2451.55,2091.18,2206.32,2040.02,2538.18,2713.15,2075.47,1455.74
938.625,2458.18,2115.61,2182.73,2031.34,2525.15,2710.23,2081.4,1446.68
938.164,2427.74,2105.37,2190.21,2037.12,2529.26,2696.53,2081.27,1428.72
933.21,2422.18,2121.37,2207.75,2034.88,2544.92,2701.16,2093.79,1439.9
932.421,2424.84,2111.76,2215.04,2040.34,2575.11,2683.92,2095.73,1445.79
936.4,2421.62,2125.27,2206.02,2034.39,2573.96,2704.39,2090.81,1464.13
931.208,2433.87,2113.32,2182.78,2024.44,2573.02,2705.52,2076.25,1462.78
925.947,2414.92,2123.89,2198.1,2021.54,2590.24,2701.96,2087.98,1462.46
916.998,2398,2144.66,2196.16,2007.77,2603.42,2700.07,2071.9,1459.48
914.243,2393,2129.52,2168.56,2010.37,2612.62,2752.38,2083.25,1476.38
911.8,2395.8,2143.34,2182.87,2001.29,2620.9,2800.64,2093.43,1487.93
931.422,2411.94,2151.31,2194.42,2022.21,2603.23,2771.99,2103.47,1498.75
936.748,2395.85,2153.84,2204.45,2047.11,2597.13,2780.12,2094.7,1487.51
940.745,2402.26,2146.29,2176.75,2062.87,2585.89,2797.05,2109.97,1462.76
944.454,2435.23,2130.6,2185.73,2070.36,2604.76,2802.74,2068.64,1462.38
930.219,2426.58,2139.93,2228.16,2048,2617.01,2841.11,2028.59,1465.66
928.977,2434.07,2168.19,2207.45,2062.52,2610.04,2835.04,2033.51,1469.59
926.631,2455.32,2161.62,2230.7,2083.19,2625.47,2870.85,2041.85,1472.88
923.983,2422.95,2168.99,2243.99,2091.38,2600.57,2854.38,2028.6,1465.29
929.55,2398.95,2165.5,2248.71,2127.69,2580.33,2871.97,2032.62,1462.11
937.635,2401.07,2149.61,2248.07,2114.13,2583.6,2863.08,2037.46,1450.87
944.213,2396.69,2146.53,2241.91,2123.99,2615.72,2844.34,2061.12,1463.74
946.414,2373.66,2134.67,2225.75,2133.88,2609.31,2824.8,2059.99,1449.93
956.725,2392.8,2112.88,2231,2148.15,2599.68,2813.87,2040.01,1456.45
946.86,2394.89,2090.78,2225.25,2139.85,2591.97,2800.14,2042.3,1456.05
945.554,2392.41,2087.93,2227.74,2132.29,2567.87,2813.54,2029.88,1449.58
945.936,2378.16,2074.45,2230.1,2129.18,2588.43,2847.22,2032.69,1439.21
942.311,2351.72,2079.03,2208.95,2135.48,2590.62,2833.16,2035.45,1432.06
944.044,2369.26,2073.27,2184.95,2115.18,2578.34,2860.29,2039.62,1421.51
945.757,2373.76,2067.04,2203.27,2116.95,2580.37,2869.08,2028.38,1434.86
940.273,2373.34,2080.28,2220.89,2130.2,2589.94,2861.49,2019.19,1443.34
939.322,2388.16,2095.03,2228.37,2164.05,2586.63,2821.39,2009.24,1437.28
929.743,2395.13,2082,2233.72,2145.88,2596.07,2792.67,2015.24,1432.1
921.544,2397.85,2081.93,2241,2137.2,2580.85,2787.17,2016.27,1435.89
922.072,2391.29,2093.17,2243.81,2143.8,2583.91,2794.99,2017.7,1438.29
915.928,2389.83,2094.62,2270.09,2158.93,2598.72,2789.18,1987.62,1438.18
915.843,2375.24,2095.75,2284.19,2145.96,2605.01,2802.65,1988.57,1440.85
914.168,2378.78,2114.88,2291.11,2144.48,2581.56,2827.33,1976.22,1439.87
916.741,2360.59,2124.27,2275.43,2129.01,2614.46,2782.06,1981.51,1424.13
923.368,2393.5,2123.72,2265.39,2127.76,2590.91,2777.23,1981.82,1399.23
922.506,2398.07,2150.19,2249.8,2113.39,2598.01,2776.35,1948.43,1411.93
918.483,2405.83,2141.87,2242.05,2108.24,2563.92,2784.45,1948.53,1393.9
915.758,2415.7,2134.36,2240.47,2108.9,2558.77,2803.85,1922.67,1393.31
914.981,2413.58,2140.51,2249.28,2112.82,2558.05,2831.25,1943.14,1378.59
912.124,2405.05,2126.25,2262.08,2139.23,2554.7,2817.65,1953.07,1393.33
909.094,2421.49,2127.47,2272.02,2135.75,2551.36,2815.94,1936.83,1395.89
914.864,2396.56,2110.52,2270.43,2142.41,2584.15,2819.75,1932.99,1399.89
914.331,2405.53,2112.84,2292.1,2169.67,2578.03,2817.8,1936.09,1397.13
912.502,2388.15,2107.19,2302.23,2159.68,2604.26,2801.25,1945.69,1395.38
921.298,2392.7,2100.87,2288.72,2169.93,2648.89,2786.46,1933.28,1391.84
924.954,2395.54,2090.76,2258.54,2154.73,2636.63,2797.11,1963.48,1398.43
918.747,2399.02,2104.53,2220.75,2166.13,2645.44,2799.5,1961.33,1401.38
925.792,2409.06,2093.92,2228.36,2182.28,2656.1,2785.43,1965.91,1414.86
928.396,2406.08,2109.79,2252.11,2180.96,2664.68,2793.52,1966.64,1410.54
926.425,2418.56,2112.87,2248.96,2192.13,2663.41,2783.27,1964.75,1407.4
929.305,2416.23,2111.03,2245.74,2206.66,2698.3,2810.69,1965.33,1395.52
937.686,2396.14,2104.48,2266.93,2220.9,2686.8,2799.47,1954.06,1377.89
931.973,2387.26,2119.79,2254.12,2204.57,2675.79,2804.17,1978.67,1378.45
932.719,2381.82,2135.76,2277.56,2189.13,2669.4,2817.02,1987.13,1378.62
930.571,2396.49,2142.31,2270.92,2181.59,2688.3,2833.41,1984.23,1383.44
940.257,2419.05,2129.1,2241.85,2173.59,2707.17,2868.33,1977.67,1368.15
955.861,2422.69,2115.65,2255.08,2192.68,2711.99,2894.02,1957.28,1365.05
950.109,2426.02,2094.49,2267.24,2186,2682.05,2927.44,1941.4,1378.8
939.683,2425.42,2107.52,2278.28,2211.28,2673.1,2907.05,1947.23,1370.96
939.817,2443.94,2090.35,2297.1,2185.29,2686.03,2897.14,1963.59,1372.31
933.002,2467.76,2137.43,2266.18,2210.87,2692.13,2903.81,1961.65,1362.25
940.848,2475.43,2138.09,2298.36,2217.29,2661.38,2917.45,1956.05,1362.9
946.819,2466.86,2120.3,2311.41,2237.68,2636.76,2891.21,1974.45,1377.89
937.931,2457.66,2133.46,2293.22,2256.95,2642.89,2889.78,1949.17,1395.71
943.176,2457.05,2111.26,2310.82,2271.6,2649.98,2882.2,1961.52,1393.8
948.573,2483.25,2116.76,2306.84,2274.13,2630.18,2860.61,1953.56,1380.17
954.933,2512.68,2091.01,2274.28,2279.69,2640.04,2837.09,1955.83,1374.41
966.763,2522.76,2115.39,2270.73,2272.58,2624.34,2850.58,1952.14,1376.81
966.807,2508.93,2124.1,2286.84,2258.92,2628.87,2855.32,1966.83,1361.15
959.644,2521.1,2114.85,2310.47,2235.55,2627.24,2876.04,1963.25,1361.06
947.994,2515.93,2105.23,2306.04,2229.75,2586.82,2893.99,1963.09,1341.82
941.643,2482.44,2121.64,2304.17,2246.43,2565.51,2871.34,1955.56,1341.85
939.397,2470.64,2104.61,2305.2,2261.9,2546.37,2886.3,1949.89,1333.89
935.528,2472.02,2091.89,2320.34,2241.85,2541.06,2869.8,1964.04,1335.29
934.667,2475.35,2085.1,2331.36,2235.06,2552.27,2892.81,1976.01,1319.9
929.069,2479.18,2085.64,2331.63,2201.63,2554.85,2883.64,1959.94,1330.13
923.023,2463.94,2087.44,2336.14,2193.46,2578.64,2876.68,1945.76,1343.97
916.983,2471.65,2084.6,2319.87,2180.94,2597.74,2886.58,1940.48,1350.83
906.745,2470.78,2086.94,2328.88,2173.34,2606.82,2889.01,1951.31,1360.45
905.88,2505.48,2079.23,2317.69,2182.67,2616.23,2898.37,1943.32,1367.59
899.249,2490.63,2087.36,2329.6,2184.38,2603.16,2907.99,1940.68,1366.55
891.842,2508.8,2086.96,2352.6,2181.8,2576,2951.15,1959.85,1367.11
891.436,2492.85,2072.97,2331.19,2166.57,2542.54,2980.98,1972.94,1360.26
902.125,2529.52,2072,2328.63,2164.54,2561.47,2993.55,1932.78,1367.72
907.822,2532.12,2081.11,2328.56,2156.42,2553.83,2993.02,1912.05,1361.1
906.656,2526.35,2099.68,2338.58,2159.28,2533.46,3022.51,1901.74,1367.33
910.639,2526.2,2102.09,2345.77,2153.81,2546.11,3066.97,1889.09,1367.95
920.021,2546.26,2105.95,2327.93,2163.2,2543.43,3076.05,1868.93,1365.13
919.638,2536.41,2087.84,2320.57,2165.15,2555.31,3071.34,1881.35,1369.97
915.98,2542.13,2090.64,2318.61,2197.92,2555.41,3061.16,1890.76,1371.38
914.687,2539.95,2071.16,2314.31,2190.93,2522.23,3046.4,1895.18,1376.64
906.851,2547.75,2053.77,2288.06,2163.88,2536.67,3020.23,1882.56,1361.19
908.809,2552.07,2059.77,2302.01,2173.66,2563.4,3023.48,1865.51,1373.36
910.96,2556.15,2043.81,2280.57,2135.8,2578,3021.51,1872.73,1370.8
916.572,2576.94,2013.47,2280.83,2163.5,2560.31,3017.91,1881.1,1372.46
919.386,2575.2,2007.11,2288.69,2178.32,2568.76,3025.2,1866.62,1379.75
930.658,2574.75,1994.83,2296.82,2175.85,2583.01,3051.1,1863.06,1378.38
933.191,2582.56,1988.08,2292.19,2174.11,2575.88,3052.77,1863.62,1378.74
931.778,2573.76,1980.79,2293.38,2183.72,2581.71,3046.01,1872.95,1373.61
929.26,2577.15,1987.59,2309.1,2204.4,2562.93,3056.44,1875.15,1379.53
933.314,2559,1987.46,2320.87,2196.28,2549.17,3084.73,1870.8,1387.56
937.161,2566.59,1998.11,2298.14,2195.06,2547.3,3050.82,1869.84,1391.12
944.426,2576.46,2011.27,2288.51,2188.59,2548.62,3009.16,1857.97,1384.79
